ano,id_municipio,sigla_uf,cargo,sigla_partido
2020,3500550,SP,prefeito,REPUBLICANOS
2020,3501103,SP,prefeito,MDB
2020,3506805,SP,prefeito,DEM
2020,3509601,SP,prefeito,PSDB
2020,3516804,SP,prefeito,DEM
2020,3526704,SP,prefeito,DEM
2020,3527801,SP,prefeito,PSB
2020,3531001,SP,prefeito,MDB
2020,3531704,SP,prefeito,PSD
2020,3537206,SP,prefeito,DEM
2020,3538600,SP,prefeito,PSD
2020,3538907,SP,prefeito,PSDB
2020,3544202,SP,prefeito,PSDB
2020,3547106,SP,prefeito,PSDB
2020,3547809,SP,prefeito,PSDB
2020,3548203,SP,prefeito,PSDB
2020,3548807,SP,prefeito,PSD
2020,3551900,SP,prefeito,PSDB
2020,3553807,SP,prefeito,PP
2020,3553955,SP,prefeito,PSDB
2020,3554201,SP,prefeito,PSDB
2020,3555307,SP,prefeito,MDB
2020,3556453,SP,prefeito,PL
2020,3557303,SP,prefeito,MDB
2020,3529401,SP,prefeito,PT
2020,3538709,SP,prefeito,DEM
2008,3503703,SP,prefeito,PTB
2008,3504107,SP,prefeito,PV
2008,3509601,SP,prefeito,PSDB
2008,3513009,SP,prefeito,PSDB
2008,3514205,SP,prefeito,PSDB
2008,3517505,SP,prefeito,PSDB
2008,3525854,SP,prefeito,PSDB
2008,3526001,SP,prefeito,PSDB
2008,3526209,SP,prefeito,PDT
2008,3530508,SP,prefeito,PSDB
2008,3532900,SP,prefeito,PT
2008,3535507,SP,prefeito,PSDB
2008,3539707,SP,prefeito,PR
2008,3541901,SP,prefeito,PSDB
2008,3544103,SP,prefeito,PSDB
2008,3544806,SP,prefeito,DEM
2008,3545001,SP,prefeito,PSDB
2008,3547601,SP,prefeito,PDT
2008,3547809,SP,prefeito,PT
2008,3548609,SP,prefeito,PSDB
2008,3551009,SP,prefeito,PSB
2008,3551603,SP,prefeito,DEM
2008,3554003,SP,prefeito,PSDB
2008,3554953,SP,prefeito,PTB
2008,3555505,SP,prefeito,DEM
2012,3500303,SP,prefeito,PMDB
2012,3503356,SP,prefeito,PTB
2012,3504800,SP,prefeito,PPS
2012,3510005,SP,prefeito,PMDB
2012,3511904,SP,prefeito,DEM
2012,3514502,SP,prefeito,PSDB
2012,3521101,SP,prefeito,PP
2012,3522901,SP,prefeito,PSDB
2012,3524808,SP,prefeito,PTB
2012,3526605,SP,prefeito,PSDB
2012,3526803,SP,prefeito,PSDB
2012,3526902,SP,prefeito,PSB
2012,3529708,SP,prefeito,PV
2012,3532827,SP,prefeito,PSDB
2012,3533304,SP,prefeito,PSDB
2012,3535200,SP,prefeito,PSDB
2012,3535804,SP,prefeito,PV
2012,3537305,SP,prefeito,PSD
2012,3538006,SP,prefeito,PSDB
2012,3541000,SP,prefeito,PSDB
2012,3541901,SP,prefeito,PMDB
2012,3544202,SP,prefeito,PSB
2012,3544806,SP,prefeito,PT
2012,3548807,SP,prefeito,PMDB
2012,3550407,SP,prefeito,PPS
2016,3502408,SP,prefeito,PSD
2016,3502754,SP,prefeito,PV
2016,3504206,SP,prefeito,PSDB
2016,3510906,SP,prefeito,MDB
2016,3515202,SP,prefeito,PHS
2016,3515608,SP,prefeito,MDB
2016,3516101,SP,prefeito,PSDB
2016,3516804,SP,prefeito,PSB
2016,3518305,SP,prefeito,PL
2016,3523305,SP,prefeito,PSDB
2016,3532801,SP,prefeito,DEM
2016,3534757,SP,prefeito,PSB
2016,3535705,SP,prefeito,MDB
2016,3537156,SP,prefeito,DEM
2016,3538709,SP,prefeito,PSDB
2016,3545100,SP,prefeito,PV
2016,3546702,SP,prefeito,PTB
2016,3547908,SP,prefeito,MDB
2016,3548906,SP,prefeito,PSB
2016,3554003,SP,prefeito,PSDB
2016,3555109,SP,prefeito,DEM
2016,3555406,SP,prefeito,PSD
2016,3555901,SP,prefeito,PSDB
2020,3503406,SP,prefeito,PSDB
2020,3503950,SP,prefeito,PSDB
2020,3504206,SP,prefeito,MDB
2020,3505104,SP,prefeito,PSD
2020,3505351,SP,prefeito,DEM
2020,3509957,SP,prefeito,PDT
2020,3510807,SP,prefeito,REPUBLICANOS
2020,3511003,SP,prefeito,REPUBLICANOS
2020,3515129,SP,prefeito,PTB
2020,3515194,SP,prefeito,MDB
2020,3517505,SP,prefeito,DEM
2020,3519501,SP,prefeito,PSD
2020,3520905,SP,prefeito,PSDB
2020,3521903,SP,prefeito,PSC
2020,3522802,SP,prefeito,REPUBLICANOS
2020,3523909,SP,prefeito,PL
2020,3528700,SP,prefeito,PSOL
2020,3529302,SP,prefeito,PT
2020,3530706,SP,prefeito,CIDADANIA
2020,3535309,SP,prefeito,PSDB
2020,3536604,SP,prefeito,PTB
2020,3538204,SP,prefeito,DEM
2020,3539608,SP,prefeito,DEM
2020,3539806,SP,prefeito,PSDB
2020,3542305,SP,prefeito,PL
2020,3543600,SP,prefeito,CIDADANIA
2020,3544301,SP,prefeito,PL
2020,3547403,SP,prefeito,REPUBLICANOS
2020,3549250,SP,prefeito,MDB
2020,3550209,SP,prefeito,PP
2008,3501152,SP,prefeito,PMDB
2008,3501905,SP,prefeito,PT
2008,3507001,SP,prefeito,DEM
2008,3510708,SP,prefeito,DEM
2008,3515400,SP,prefeito,PMDB
2008,3522406,SP,prefeito,PSDB
2008,3528858,SP,prefeito,PSDB
2008,3532603,SP,prefeito,PSB
2008,3534104,SP,prefeito,PSDB
2008,3535002,SP,prefeito,PTB
2008,3537107,SP,prefeito,PSB
2008,3537156,SP,prefeito,PTB
2008,3537909,SP,prefeito,DEM
2008,3538808,SP,prefeito,PP
2008,3539400,SP,prefeito,PTB
2008,3540853,SP,prefeito,PDT
2008,3541059,SP,prefeito,PV
2008,3544202,SP,prefeito,PSB
2008,3547700,SP,prefeito,PMDB
2012,3504503,SP,prefeito,PMDB
2012,3504701,SP,prefeito,PMDB
2012,3506300,SP,prefeito,PPS
2012,3508108,SP,prefeito,PPS
2012,3511508,SP,prefeito,PTB
2012,3514106,SP,prefeito,PSDB
2012,3515905,SP,prefeito,PSDB
2012,3518206,SP,prefeito,PSDB
2012,3518859,SP,prefeito,PSDB
2012,3519709,SP,prefeito,PMDB
2012,3522604,SP,prefeito,PSDB
2012,3523404,SP,prefeito,PSDB
2012,3525854,SP,prefeito,PSDB
2012,3528858,SP,prefeito,PSDB
2012,3530607,SP,prefeito,PSD
2012,3530904,SP,prefeito,PR
2012,3532207,SP,prefeito,PSDB
2012,3533700,SP,prefeito,PSDB
2012,3540408,SP,prefeito,PMDB
2012,3543105,SP,prefeito,PT
2012,3543253,SP,prefeito,PSDB
2012,3546801,SP,prefeito,PV
2012,3547403,SP,prefeito,PSDB
2012,3548054,SP,prefeito,PT
2012,3551108,SP,prefeito,PSDB
2012,3552502,SP,prefeito,PSDB
2012,3556404,SP,prefeito,PTB
2012,3513801,SP,prefeito,PV
2016,3501707,SP,prefeito,PSDB
2016,3506508,SP,prefeito,PTB
2016,3507001,SP,prefeito,PSDB
2016,3508108,SP,prefeito,REPUBLICANOS
2016,3518909,SP,prefeito,PSDB
2016,3520806,SP,prefeito,PSDB
2016,3521309,SP,prefeito,MDB
2016,3522604,SP,prefeito,PSDB
2016,3523602,SP,prefeito,MDB
2016,3526605,SP,prefeito,PTB
2016,3527256,SP,prefeito,DEM
2016,3529807,SP,prefeito,PSDB
2016,3533007,SP,prefeito,PSB
2016,3538303,SP,prefeito,MDB
2016,3538907,SP,prefeito,PTB
2016,3540309,SP,prefeito,MDB
2016,3548104,SP,prefeito,PSD
2016,3553609,SP,prefeito,CIDADANIA
2016,3555802,SP,prefeito,PSDB
2016,3557154,SP,prefeito,PDT
2016,3547809,SP,prefeito,PSDB
2020,3500105,SP,prefeito,DEM
2020,3502101,SP,prefeito,PSDB
2020,3502804,SP,prefeito,PSDB
2020,3504305,SP,prefeito,PSDB
2020,3505302,SP,prefeito,MDB
2020,3511607,SP,prefeito,PSDB
2020,3513603,SP,prefeito,PSDB
2020,3514304,SP,prefeito,PL
2020,3516853,SP,prefeito,PTB
2020,3519600,SP,prefeito,MDB
2020,3520806,SP,prefeito,PSDB
2020,3522703,SP,prefeito,PP
2020,3522901,SP,prefeito,PTB
2020,3530102,SP,prefeito,PSL
2020,3533304,SP,prefeito,PTB
2020,3534757,SP,prefeito,PP
2020,3536109,SP,prefeito,CIDADANIA
2020,3538501,SP,prefeito,PSDB
2020,3540705,SP,prefeito,PSD
2020,3543006,SP,prefeito,PP
2020,3548005,SP,prefeito,DEM
2020,3548104,SP,prefeito,PSD
2020,3553906,SP,prefeito,PV
2020,3541000,SP,prefeito,PSDB
2020,3550308,SP,prefeito,PSDB
2008,3502002,SP,prefeito,DEM
2008,3502309,SP,prefeito,PMDB
2008,3503158,SP,prefeito,PPS
2008,3503604,SP,prefeito,PT
2008,3503950,SP,prefeito,PSDB
2008,3504800,SP,prefeito,PSB
2008,3505203,SP,prefeito,PSDB
2008,3505609,SP,prefeito,PPS
2008,3505906,SP,prefeito,PTB
2008,3506201,SP,prefeito,PTB
2008,3506607,SP,prefeito,PSDB
2008,3510153,SP,prefeito,PTB
2008,3514908,SP,prefeito,PT
2008,3515202,SP,prefeito,PP
2008,3516408,SP,prefeito,PSDB
2008,3517406,SP,prefeito,DEM
2008,3518602,SP,prefeito,PSDB
2008,3519253,SP,prefeito,PSDB
2008,3519808,SP,prefeito,DEM
2008,3520004,SP,prefeito,PSDB
2008,3520905,SP,prefeito,PSB
2008,3524402,SP,prefeito,PT
2008,3526704,SP,prefeito,DEM
2008,3527009,SP,prefeito,PSDB
2008,3530201,SP,prefeito,DEM
2008,3534401,SP,prefeito,PT
2008,3536208,SP,prefeito,DEM
2008,3536257,SP,prefeito,DEM
2008,3536901,SP,prefeito,PSDB
2008,3537008,SP,prefeito,PSDB
2008,3537206,SP,prefeito,PSB
2008,3541109,SP,prefeito,PT
2008,3541505,SP,prefeito,PMDB
2008,3542602,SP,prefeito,PT
2008,3543600,SP,prefeito,PMDB
2008,3545407,SP,prefeito,PMDB
2008,3550209,SP,prefeito,PSDB
2008,3551405,SP,prefeito,PT
2008,3551504,SP,prefeito,PT
2008,3553856,SP,prefeito,PSDB
2008,3554300,SP,prefeito,DEM
2008,3555406,SP,prefeito,DEM
2008,3556800,SP,prefeito,PSDB
2012,3503000,SP,prefeito,PSD
2012,3507605,SP,prefeito,PT
2012,3513702,SP,prefeito,PPS
2012,3515129,SP,prefeito,PSDB
2012,3516408,SP,prefeito,PT
2012,3517109,SP,prefeito,PT
2012,3517901,SP,prefeito,PPS
2012,3519501,SP,prefeito,PMDB
2012,3520806,SP,prefeito,PSD
2012,3521200,SP,prefeito,PMDB
2012,3522406,SP,prefeito,PMDB
2012,3523008,SP,prefeito,PMDB
2012,3527108,SP,prefeito,PSDB
2012,3528700,SP,prefeito,PMDB
2012,3528809,SP,prefeito,PSD
2012,3534401,SP,prefeito,PT
2012,3534500,SP,prefeito,PSDB
2012,3534906,SP,prefeito,PP
2012,3537008,SP,prefeito,PMDB
2012,3537800,SP,prefeito,PSDB
2012,3541109,SP,prefeito,PRP
2012,3543709,SP,prefeito,PT
2012,3553401,SP,prefeito,PT
2016,3500204,SP,prefeito,PSDB
2016,3503950,SP,prefeito,DEM
2016,3504503,SP,prefeito,PTB
2016,3505401,SP,prefeito,PSDB
2016,3506409,SP,prefeito,PSDB
2016,3511904,SP,prefeito,DEM
2016,3512100,SP,prefeito,PTB
2016,3514601,SP,prefeito,PTB
2016,3519303,SP,prefeito,PSDB
2016,3519600,SP,prefeito,PSB
2016,3520400,SP,prefeito,MDB
2016,3525409,SP,prefeito,PSDB
2016,3527009,SP,prefeito,PSB
2016,3528106,SP,prefeito,PSDB
2016,3528858,SP,prefeito,SOLIDARIEDADE
2016,3529005,SP,prefeito,PSDB
2016,3530003,SP,prefeito,MDB
2016,3532306,SP,prefeito,CIDADANIA
2016,3532827,SP,prefeito,PTB
2016,3533908,SP,prefeito,PL
2016,3536109,SP,prefeito,PSDB
2016,3536604,SP,prefeito,PSDB
2016,3537909,SP,prefeito,DEM
2016,3539103,SP,prefeito,MDB
2016,3541653,SP,prefeito,PSDB
2016,3542701,SP,prefeito,MDB
2016,3544806,SP,prefeito,DEM
2016,3550100,SP,prefeito,CIDADANIA
2016,3550803,SP,prefeito,CIDADANIA
2016,3551405,SP,prefeito,CIDADANIA
2016,3552007,SP,prefeito,PSDB
2016,3554904,SP,prefeito,PSDB
2016,3555356,SP,prefeito,DEM
2016,3506003,SP,prefeito,PSD
2016,3529401,SP,prefeito,PSB
2020,3507803,SP,prefeito,PSDB
2020,3508801,SP,prefeito,PODE
2020,3509304,SP,prefeito,PSDB
2020,3515202,SP,prefeito,MDB
2020,3515400,SP,prefeito,PSDB
2020,3517208,SP,prefeito,PSDB
2020,3517703,SP,prefeito,PSDB
2020,3519253,SP,prefeito,REPUBLICANOS
2020,3520426,SP,prefeito,PSDB
2020,3524402,SP,prefeito,PSDB
2020,3524600,SP,prefeito,PSD
2020,3524808,SP,prefeito,PSDB
2020,3525300,SP,prefeito,PSD
2020,3528601,SP,prefeito,DEM
2020,3529807,SP,prefeito,PSD
2020,3530904,SP,prefeito,PSDB
2020,3532009,SP,prefeito,PSD
2020,3532702,SP,prefeito,PSDB
2020,3532801,SP,prefeito,PSDB
2020,3532868,SP,prefeito,MDB
2020,3534005,SP,prefeito,PP
2020,3534500,SP,prefeito,PSD
2020,3537800,SP,prefeito,MDB
2020,3537909,SP,prefeito,DEM
2020,3540309,SP,prefeito,PSDB
2020,3541059,SP,prefeito,PSD
2020,3541703,SP,prefeito,PSD
2020,3542107,SP,prefeito,PSL
2020,3542701,SP,prefeito,PTB
2020,3542800,SP,prefeito,DEM
2020,3544509,SP,prefeito,PATRIOTA
2020,3546009,SP,prefeito,PL
2020,3548708,SP,prefeito,PSDB
2020,3552700,SP,prefeito,DEM
2020,3553005,SP,prefeito,PTB
2020,3554953,SP,prefeito,DEM
2020,3555802,SP,prefeito,PSDB
2020,3530607,SP,prefeito,PODE
2008,3506102,SP,prefeito,PV
2008,3508207,SP,prefeito,PSDB
2008,3510104,SP,prefeito,PDT
2008,3512605,SP,prefeito,PDT
2008,3515301,SP,prefeito,PR
2008,3516200,SP,prefeito,PSDB
2008,3517109,SP,prefeito,PMDB
2008,3519006,SP,prefeito,PSDB
2008,3521507,SP,prefeito,PMDB
2008,3529302,SP,prefeito,PT
2008,3534757,SP,prefeito,PTB
2008,3535606,SP,prefeito,DEM
2008,3538600,SP,prefeito,PV
2008,3540101,SP,prefeito,PSDB
2008,3540507,SP,prefeito,DEM
2008,3541604,SP,prefeito,PV
2008,3542800,SP,prefeito,PT
2008,3543006,SP,prefeito,PT
2008,3545100,SP,prefeito,PSDB
2008,3551207,SP,prefeito,PSDB
2008,3552502,SP,prefeito,PT
2008,3552809,SP,prefeito,PSB
2012,3500550,SP,prefeito,PMDB
2012,3503703,SP,prefeito,PSDB
2012,3506706,SP,prefeito,PT
2012,3507753,SP,prefeito,PV
2012,3508306,SP,prefeito,PSB
2012,3508702,SP,prefeito,PSDB
2012,3509403,SP,prefeito,PSDB
2012,3513207,SP,prefeito,PSDB
2012,3514007,SP,prefeito,PT
2012,3524006,SP,prefeito,PT
2012,3524303,SP,prefeito,PSDB
2012,3526100,SP,prefeito,PTB
2012,3529500,SP,prefeito,PP
2012,3532405,SP,prefeito,PT
2012,3532900,SP,prefeito,PPS
2012,3534302,SP,prefeito,PSB
2012,3535903,SP,prefeito,PSB
2012,3538204,SP,prefeito,PV
2012,3539509,SP,prefeito,PSDB
2012,3539806,SP,prefeito,PDT
2012,3540903,SP,prefeito,PMDB
2012,3542206,SP,prefeito,DEM
2012,3543600,SP,prefeito,PTB
2012,3545506,SP,prefeito,PSDB
2012,3547106,SP,prefeito,PSDB
2012,3547650,SP,prefeito,PSDB
2012,3548708,SP,prefeito,PT
2012,3549805,SP,prefeito,PSB
2012,3550803,SP,prefeito,PT
2012,3552304,SP,prefeito,PMDB
2012,3553609,SP,prefeito,PPS
2012,3553955,SP,prefeito,PSDB
2012,3555802,SP,prefeito,PP
2012,3556354,SP,prefeito,PSD
2016,3502002,SP,prefeito,MDB
2016,3502101,SP,prefeito,PC do B
2016,3503406,SP,prefeito,PSDB
2016,3503604,SP,prefeito,PL
2016,3506102,SP,prefeito,DEM
2016,3509254,SP,prefeito,PSB
2016,3509403,SP,prefeito,PDT
2016,3515657,SP,prefeito,PL
2016,3519402,SP,prefeito,PTB
2016,3520004,SP,prefeito,MDB
2016,3531407,SP,prefeito,PSD
2016,3534302,SP,prefeito,MDB
2016,3539608,SP,prefeito,MDB
2016,3543709,SP,prefeito,PT
2016,3543907,SP,prefeito,DEM
2016,3547106,SP,prefeito,PV
2016,3549300,SP,prefeito,PV
2016,3550308,SP,prefeito,PSDB
2020,3500303,SP,prefeito,PSDB
2020,3500907,SP,prefeito,DEM
2020,3501004,SP,prefeito,PSD
2020,3501400,SP,prefeito,PSDB
2020,3507704,SP,prefeito,PODE
2020,3511201,SP,prefeito,DEM
2020,3513306,SP,prefeito,PSDB
2020,3515806,SP,prefeito,PTB
2020,3519709,SP,prefeito,PTB
2020,3519907,SP,prefeito,DEM
2020,3520608,SP,prefeito,PODE
2020,3523800,SP,prefeito,MDB
2020,3525607,SP,prefeito,REPUBLICANOS
2020,3525706,SP,prefeito,DEM
2020,3529104,SP,prefeito,PSB
2020,3529500,SP,prefeito,SOLIDARIEDADE
2020,3530508,SP,prefeito,PSD
2020,3535200,SP,prefeito,DEM
2020,3535507,SP,prefeito,PSD
2020,3536703,SP,prefeito,PV
2020,3537701,SP,prefeito,PODE
2020,3538105,SP,prefeito,REPUBLICANOS
2020,3539301,SP,prefeito,PSD
2020,3545407,SP,prefeito,PL
2020,3545704,SP,prefeito,DEM
2020,3548500,SP,prefeito,PSDB
2020,3549607,SP,prefeito,PSDB
2020,3554706,SP,prefeito,PL
2020,3554755,SP,prefeito,DEM
2020,3556305,SP,prefeito,PSC
2008,3502408,SP,prefeito,PTB
2008,3504305,SP,prefeito,PSDB
2008,3509452,SP,prefeito,PSDB
2008,3512407,SP,prefeito,PPS
2008,3514106,SP,prefeito,PSDB
2008,3514809,SP,prefeito,PTB
2008,3515152,SP,prefeito,PSDB
2008,3518305,SP,prefeito,PR
2008,3518701,SP,prefeito,PMDB
2008,3519303,SP,prefeito,PSDB
2008,3520202,SP,prefeito,PR
2008,3521101,SP,prefeito,PP
2008,3521200,SP,prefeito,DEM
2008,3528106,SP,prefeito,PMDB
2008,3531308,SP,prefeito,PTB
2008,3532868,SP,prefeito,PSDB
2008,3540200,SP,prefeito,DEM
2008,3554805,SP,prefeito,PV
2008,3556354,SP,prefeito,PTB
2012,3500758,SP,prefeito,PSDB
2012,3501103,SP,prefeito,PV
2012,3501400,SP,prefeito,PSDB
2012,3501608,SP,prefeito,PMDB
2012,3503604,SP,prefeito,PSDB
2012,3513900,SP,prefeito,PT
2012,3514205,SP,prefeito,PSDB
2012,3515707,SP,prefeito,PSDB
2012,3516705,SP,prefeito,PSDB
2012,3525805,SP,prefeito,DEM
2012,3531308,SP,prefeito,PTB
2012,3532843,SP,prefeito,DEM
2012,3536802,SP,prefeito,DEM
2012,3538303,SP,prefeito,PMDB
2012,3539608,SP,prefeito,PP
2012,3542008,SP,prefeito,PSC
2012,3542107,SP,prefeito,PMDB
2012,3549953,SP,prefeito,PMDB
2012,3553708,SP,prefeito,PT
2012,3553856,SP,prefeito,PSDB
2012,3555000,SP,prefeito,PMDB
2016,3501301,SP,prefeito,PSDB
2016,3501806,SP,prefeito,CIDADANIA
2016,3503158,SP,prefeito,SOLIDARIEDADE
2016,3503703,SP,prefeito,PTB
2016,3505807,SP,prefeito,MDB
2016,3506607,SP,prefeito,PV
2016,3507456,SP,prefeito,PSDB
2016,3512209,SP,prefeito,PSDB
2016,3513900,SP,prefeito,PSDB
2016,3515509,SP,prefeito,DEM
2016,3516853,SP,prefeito,PHS
2016,3520442,SP,prefeito,PP
2016,3523206,SP,prefeito,MDB
2016,3530409,SP,prefeito,DEM
2016,3531100,SP,prefeito,PSDB
2016,3536208,SP,prefeito,PL
2016,3536307,SP,prefeito,PSDB
2016,3537503,SP,prefeito,PSB
2016,3538105,SP,prefeito,PSDB
2016,3540754,SP,prefeito,PL
2016,3541000,SP,prefeito,PSDB
2016,3541406,SP,prefeito,PTB
2016,3545159,SP,prefeito,PSDB
2016,3550506,SP,prefeito,PL
2016,3551009,SP,prefeito,MDB
2016,3552700,SP,prefeito,DEM
2016,3554953,SP,prefeito,DEM
2016,3556107,SP,prefeito,PSDB
2016,3556701,SP,prefeito,PSDB
2016,3543402,SP,prefeito,PSDB
2020,3501301,SP,prefeito,PSDB
2020,3508009,SP,prefeito,PP
2020,3516705,SP,prefeito,DEM
2020,3517109,SP,prefeito,PSDB
2020,3519303,SP,prefeito,PSDB
2020,3524204,SP,prefeito,PODE
2020,3535101,SP,prefeito,PV
2020,3536000,SP,prefeito,PL
2020,3537008,SP,prefeito,PSDB
2020,3542909,SP,prefeito,CIDADANIA
2020,3544707,SP,prefeito,PP
2020,3547700,SP,prefeito,PATRIOTA
2020,3549508,SP,prefeito,PODE
2020,3550001,SP,prefeito,PSDB
2020,3550605,SP,prefeito,PODE
2020,3551207,SP,prefeito,PTB
2020,3506003,SP,prefeito,PATRIOTA
2008,3500709,SP,prefeito,PMDB
2008,3500907,SP,prefeito,PDT
2008,3503505,SP,prefeito,PSDB
2008,3506300,SP,prefeito,PTB
2008,3507506,SP,prefeito,PSDB
2008,3508801,SP,prefeito,PT
2008,3508900,SP,prefeito,PTB
2008,3509106,SP,prefeito,PSDB
2008,3510302,SP,prefeito,PV
2008,3510807,SP,prefeito,PMN
2008,3511300,SP,prefeito,PMDB
2008,3514957,SP,prefeito,DEM
2008,3515608,SP,prefeito,PSDB
2008,3516002,SP,prefeito,PMDB
2008,3523107,SP,prefeito,PR
2008,3524006,SP,prefeito,PMDB
2008,3525201,SP,prefeito,PTB
2008,3525904,SP,prefeito,PSDB
2008,3529500,SP,prefeito,PMDB
2008,3534906,SP,prefeito,PTB
2008,3536505,SP,prefeito,DEM
2008,3537800,SP,prefeito,PT
2008,3539301,SP,prefeito,PSDB
2008,3540606,SP,prefeito,PT
2008,3542305,SP,prefeito,PDT
2008,3547106,SP,prefeito,PSDB
2008,3549300,SP,prefeito,PSDB
2008,3552007,SP,prefeito,PTB
2008,3552700,SP,prefeito,PSB
2008,3552908,SP,prefeito,PSDB
2008,3553203,SP,prefeito,PP
2008,3553807,SP,prefeito,PSDB
2008,3554201,SP,prefeito,PSDB
2008,3554706,SP,prefeito,PSL
2008,3555208,SP,prefeito,PMDB
2008,3556008,SP,prefeito,PTB
2012,3500600,SP,prefeito,PSDB
2012,3502200,SP,prefeito,PSDB
2012,3502705,SP,prefeito,PC do B
2012,3503802,SP,prefeito,PSD
2012,3504602,SP,prefeito,PMDB
2012,3506508,SP,prefeito,PDT
2012,3509007,SP,prefeito,PSD
2012,3509957,SP,prefeito,PTB
2012,3512001,SP,prefeito,PSDB
2012,3512803,SP,prefeito,PMDB
2012,3513603,SP,prefeito,PSDB
2012,3521804,SP,prefeito,PR
2012,3522307,SP,prefeito,PSDB
2012,3522505,SP,prefeito,PV
2012,3523602,SP,prefeito,PMDB
2012,3524402,SP,prefeito,PT
2012,3526209,SP,prefeito,PPS
2012,3526704,SP,prefeito,PT
2012,3528205,SP,prefeito,PTB
2012,3532504,SP,prefeito,DEM
2012,3533601,SP,prefeito,PMDB
2012,3533908,SP,prefeito,DEM
2012,3536000,SP,prefeito,PP
2012,3536109,SP,prefeito,PSDB
2012,3539004,SP,prefeito,PSD
2012,3539707,SP,prefeito,PR
2012,3540002,SP,prefeito,PP
2012,3543501,SP,prefeito,DEM
2012,3544301,SP,prefeito,PT
2012,3547205,SP,prefeito,PSDB
2012,3547601,SP,prefeito,PDT
2012,3550100,SP,prefeito,PR
2012,3550605,SP,prefeito,PMDB
2012,3551900,SP,prefeito,PSDC
2012,3554300,SP,prefeito,PSB
2012,3554656,SP,prefeito,PTB
2012,3555604,SP,prefeito,PMDB
2016,3501608,SP,prefeito,MDB
2016,3502804,SP,prefeito,PSDB
2016,3505203,SP,prefeito,MDB
2016,3507159,SP,prefeito,PSDB
2016,3507704,SP,prefeito,PTB
2016,3510708,SP,prefeito,PSD
2016,3511201,SP,prefeito,CIDADANIA
2016,3512605,SP,prefeito,PROS
2016,3515301,SP,prefeito,PSDB
2016,3515707,SP,prefeito,REPUBLICANOS
2016,3515806,SP,prefeito,MDB
2016,3516002,SP,prefeito,MDB
2016,3516408,SP,prefeito,PT
2016,3529658,SP,prefeito,PSDB
2016,3530706,SP,prefeito,PTB
2016,3531902,SP,prefeito,PDT
2016,3533502,SP,prefeito,CIDADANIA
2016,3534708,SP,prefeito,PSD
2016,3535408,SP,prefeito,CIDADANIA
2016,3539509,SP,prefeito,CIDADANIA
2016,3544509,SP,prefeito,PSD
2016,3549953,SP,prefeito,SOLIDARIEDADE
2016,3550605,SP,prefeito,PSDB
2016,3556453,SP,prefeito,PL
2020,3503356,SP,prefeito,PV
2020,3504503,SP,prefeito,PTB
2020,3509700,SP,prefeito,PSDB
2020,3512209,SP,prefeito,PSDB
2020,3513009,SP,prefeito,PSD
2020,3514957,SP,prefeito,PSDB
2020,3519204,SP,prefeito,PSDB
2020,3519402,SP,prefeito,PSDB
2020,3520103,SP,prefeito,MDB
2020,3522208,SP,prefeito,PL
2020,3522604,SP,prefeito,PSD
2020,3522653,SP,prefeito,PC do B
2020,3523503,SP,prefeito,DEM
2020,3524105,SP,prefeito,CIDADANIA
2020,3526209,SP,prefeito,PL
2020,3527207,SP,prefeito,PSDB
2020,3527504,SP,prefeito,PSDB
2020,3527900,SP,prefeito,PTB
2020,3528908,SP,prefeito,PV
2020,3531407,SP,prefeito,PP
2020,3531803,SP,prefeito,PTB
2020,3531902,SP,prefeito,CIDADANIA
2020,3532603,SP,prefeito,SOLIDARIEDADE
2020,3538006,SP,prefeito,PL
2020,3539004,SP,prefeito,DEM
2020,3539400,SP,prefeito,PODE
2020,3540002,SP,prefeito,PTB
2020,3540804,SP,prefeito,PTB
2020,3541505,SP,prefeito,PV
2020,3542503,SP,prefeito,PSDB
2020,3542602,SP,prefeito,PSDB
2020,3548609,SP,prefeito,PP
2020,3550407,SP,prefeito,PSDB
2020,3551405,SP,prefeito,CIDADANIA
2020,3551504,SP,prefeito,MDB
2020,3551603,SP,prefeito,DEM
2020,3552403,SP,prefeito,CIDADANIA
2020,3552502,SP,prefeito,PL
2020,3554805,SP,prefeito,PSDB
2008,3502101,SP,prefeito,PT
2008,3502507,SP,prefeito,PSDB
2008,3502606,SP,prefeito,PTB
2008,3507407,SP,prefeito,PT
2008,3508108,SP,prefeito,PPS
2008,3511706,SP,prefeito,PSDB
2008,3515509,SP,prefeito,DEM
2008,3532801,SP,prefeito,PMDB
2008,3533254,SP,prefeito,PR
2008,3533403,SP,prefeito,PDT
2008,3534203,SP,prefeito,PMDB
2008,3535804,SP,prefeito,PSDB
2008,3536307,SP,prefeito,PT
2008,3538006,SP,prefeito,PPS
2008,3539905,SP,prefeito,PSDB
2008,3541406,SP,prefeito,PTB
2008,3544251,SP,prefeito,PMN
2008,3547502,SP,prefeito,PMDB
2008,3547650,SP,prefeito,DEM
2008,3548104,SP,prefeito,DEM
2008,3549508,SP,prefeito,PSDB
2012,3503109,SP,prefeito,PR
2012,3503208,SP,prefeito,PMDB
2012,3507308,SP,prefeito,PSD
2012,3507803,SP,prefeito,PT
2012,3509452,SP,prefeito,PV
2012,3511102,SP,prefeito,PSDB
2012,3513108,SP,prefeito,PSDB
2012,3514601,SP,prefeito,PSD
2012,3516309,SP,prefeito,PV
2012,3516903,SP,prefeito,PR
2012,3520442,SP,prefeito,DEM
2012,3521002,SP,prefeito,PSDB
2012,3525201,SP,prefeito,PSB
2012,3527256,SP,prefeito,PSDB
2012,3527603,SP,prefeito,PMDB
2012,3530706,SP,prefeito,PTB
2012,3532801,SP,prefeito,PSDB
2012,3534609,SP,prefeito,PSDB
2012,3536505,SP,prefeito,PSB
2012,3537206,SP,prefeito,PSB
2012,3537503,SP,prefeito,DEM
2012,3537602,SP,prefeito,PTB
2012,3538709,SP,prefeito,PSDB
2012,3540200,SP,prefeito,PSB
2012,3540259,SP,prefeito,PTB
2012,3540507,SP,prefeito,PMDB
2012,3544400,SP,prefeito,PSDB
2012,3546504,SP,prefeito,PSDB
2012,3551405,SP,prefeito,PT
2012,3557154,SP,prefeito,PSDB
2016,3500402,SP,prefeito,DEM
2016,3501103,SP,prefeito,PV
2016,3504701,SP,prefeito,PSDB
2016,3508405,SP,prefeito,PDT
2016,3514304,SP,prefeito,PSB
2016,3515194,SP,prefeito,MDB
2016,3516606,SP,prefeito,PSD
2016,3517406,SP,prefeito,PSDB
2016,3519055,SP,prefeito,PTB
2016,3520608,SP,prefeito,PSD
2016,3522158,SP,prefeito,PL
2016,3522653,SP,prefeito,PT
2016,3522901,SP,prefeito,PTB
2016,3524006,SP,prefeito,PSD
2016,3526100,SP,prefeito,MDB
2016,3527207,SP,prefeito,PSDB
2016,3530607,SP,prefeito,PSDB
2016,3533700,SP,prefeito,PSDB
2016,3538006,SP,prefeito,PL
2016,3539400,SP,prefeito,PSDB
2016,3542008,SP,prefeito,PV
2016,3543238,SP,prefeito,PSDB
2016,3547502,SP,prefeito,PSDB
2016,3549250,SP,prefeito,DEM
2016,3549508,SP,prefeito,PTB
2016,3552601,SP,prefeito,MDB
2016,3553708,SP,prefeito,PSD
2016,3516903,SP,prefeito,PSDB
2020,3508306,SP,prefeito,PSB
2020,3511508,SP,prefeito,PSDB
2020,3511706,SP,prefeito,DEM
2020,3511904,SP,prefeito,PSDB
2020,3512001,SP,prefeito,PSDB
2020,3512407,SP,prefeito,MDB
2020,3512605,SP,prefeito,DEM
2020,3514205,SP,prefeito,MDB
2020,3514809,SP,prefeito,PL
2020,3515103,SP,prefeito,MDB
2020,3518305,SP,prefeito,PL
2020,3522000,SP,prefeito,PSDB
2020,3522505,SP,prefeito,PODE
2020,3523206,SP,prefeito,PP
2020,3525102,SP,prefeito,CIDADANIA
2020,3531506,SP,prefeito,MDB
2020,3531605,SP,prefeito,DEM
2020,3533254,SP,prefeito,PTB
2020,3533809,SP,prefeito,PSDB
2020,3534203,SP,prefeito,PSDB
2020,3540853,SP,prefeito,PSDB
2020,3541109,SP,prefeito,PP
2020,3542404,SP,prefeito,PSDB
2020,3546306,SP,prefeito,PSD
2020,3550803,SP,prefeito,PTB
2020,3553302,SP,prefeito,PSDB
2020,3553658,SP,prefeito,MDB
2020,3555604,SP,prefeito,PSDB
2020,3556404,SP,prefeito,PSDB
2020,3518800,SP,prefeito,PSD
2020,3552809,SP,prefeito,PODE
2008,3500550,SP,prefeito,PSC
2008,3501004,SP,prefeito,PMDB
2008,3501400,SP,prefeito,PP
2008,3503356,SP,prefeito,PTB
2008,3504008,SP,prefeito,DEM
2008,3505708,SP,prefeito,PMDB
2008,3508702,SP,prefeito,PSDB
2008,3513405,SP,prefeito,PR
2008,3515350,SP,prefeito,PTB
2008,3517802,SP,prefeito,PSDB
2008,3519071,SP,prefeito,PT
2008,3521150,SP,prefeito,PMDB
2008,3521804,SP,prefeito,PSDB
2008,3522901,SP,prefeito,PPS
2008,3524204,SP,prefeito,PTB
2008,3524907,SP,prefeito,PV
2008,3526506,SP,prefeito,PSDB
2008,3527256,SP,prefeito,DEM
2008,3530706,SP,prefeito,PV
2008,3531209,SP,prefeito,PV
2008,3533007,SP,prefeito,PTB
2008,3533908,SP,prefeito,DEM
2008,3535101,SP,prefeito,PSB
2008,3538501,SP,prefeito,PMDB
2008,3540903,SP,prefeito,DEM
2008,3541653,SP,prefeito,DEM
2008,3543253,SP,prefeito,PSDB
2008,3543402,SP,prefeito,DEM
2008,3544301,SP,prefeito,PSDB
2008,3548302,SP,prefeito,PSDB
2008,3548807,SP,prefeito,PTB
2008,3548906,SP,prefeito,PT
2008,3552601,SP,prefeito,PMDB
2012,3509304,SP,prefeito,PSL
2012,3509601,SP,prefeito,PR
2012,3512308,SP,prefeito,PSB
2012,3512506,SP,prefeito,PT
2012,3515103,SP,prefeito,PMDB
2012,3515186,SP,prefeito,PSDB
2012,3515608,SP,prefeito,PTB
2012,3516002,SP,prefeito,PPS
2012,3517505,SP,prefeito,PSDB
2012,3518404,SP,prefeito,PSDB
2012,3518602,SP,prefeito,PSDB
2012,3523909,SP,prefeito,PSD
2012,3524204,SP,prefeito,PTB
2012,3525102,SP,prefeito,PPS
2012,3528601,SP,prefeito,PMDB
2012,3531001,SP,prefeito,PMDB
2012,3531605,SP,prefeito,PT
2012,3536208,SP,prefeito,PSC
2012,3536257,SP,prefeito,PSDB
2012,3536604,SP,prefeito,PDT
2012,3540606,SP,prefeito,PSD
2012,3543808,SP,prefeito,PSDB
2012,3548203,SP,prefeito,PT
2012,3549201,SP,prefeito,PRB
2012,3549508,SP,prefeito,PTB
2012,3550704,SP,prefeito,PSC
2012,3553500,SP,prefeito,PSB
2012,3554201,SP,prefeito,PSDB
2012,3556701,SP,prefeito,PTB
2012,3516200,SP,prefeito,PSDB
2016,3500501,SP,prefeito,PDT
2016,3501400,SP,prefeito,PP
2016,3502309,SP,prefeito,PSD
2016,3507803,SP,prefeito,PSDB
2016,3508504,SP,prefeito,PV
2016,3514205,SP,prefeito,MDB
2016,3515103,SP,prefeito,PSB
2016,3519071,SP,prefeito,PDT
2016,3521002,SP,prefeito,PSB
2016,3525854,SP,prefeito,MDB
2016,3527108,SP,prefeito,PSDB
2016,3528304,SP,prefeito,PV
2016,3534005,SP,prefeito,REPUBLICANOS
2016,3540002,SP,prefeito,PTB
2016,3541604,SP,prefeito,PSDB
2016,3541901,SP,prefeito,PSDB
2016,3542602,SP,prefeito,PSDB
2016,3542800,SP,prefeito,PSDB
2016,3546405,SP,prefeito,PSB
2016,3551603,SP,prefeito,DEM
2016,3551702,SP,prefeito,PSDB
2016,3554300,SP,prefeito,PSB
2016,3555505,SP,prefeito,PSD
2016,3552502,SP,prefeito,PL
2020,3503802,SP,prefeito,PSD
2020,3505401,SP,prefeito,PSDB
2020,3511300,SP,prefeito,CIDADANIA
2020,3513900,SP,prefeito,PTB
2020,3514700,SP,prefeito,MDB
2020,3514924,SP,prefeito,PSD
2020,3515301,SP,prefeito,CIDADANIA
2020,3517000,SP,prefeito,PSDB
2020,3517406,SP,prefeito,PSDB
2020,3518602,SP,prefeito,PSDB
2020,3518859,SP,prefeito,PL
2020,3519808,SP,prefeito,SOLIDARIEDADE
2020,3521200,SP,prefeito,PTB
2020,3523305,SP,prefeito,PSDB
2020,3526100,SP,prefeito,PSB
2020,3528106,SP,prefeito,PV
2020,3535705,SP,prefeito,PSDB
2020,3536257,SP,prefeito,PSDB
2020,3536406,SP,prefeito,PSD
2020,3537404,SP,prefeito,PL
2020,3540200,SP,prefeito,PSL
2020,3541208,SP,prefeito,PP
2020,3541802,SP,prefeito,PSD
2020,3542206,SP,prefeito,DEM
2020,3545100,SP,prefeito,PP
2020,3546207,SP,prefeito,PSD
2020,3546603,SP,prefeito,PSL
2020,3549102,SP,prefeito,DEM
2020,3549953,SP,prefeito,REPUBLICANOS
2020,3552106,SP,prefeito,PTB
2020,3553401,SP,prefeito,PSB
2020,3554904,SP,prefeito,PSDB
2020,3555356,SP,prefeito,DEM
2020,3555901,SP,prefeito,PSDB
2020,3556206,SP,prefeito,PSD
2020,3556909,SP,prefeito,PSDB
2020,3543402,SP,prefeito,PSDB
2008,3509304,SP,prefeito,PTB
2008,3513850,SP,prefeito,DEM
2008,3515004,SP,prefeito,PT
2008,3515186,SP,prefeito,PP
2008,3516606,SP,prefeito,PDT
2008,3517000,SP,prefeito,PSDB
2008,3517604,SP,prefeito,PSDB
2008,3521408,SP,prefeito,PSDB
2008,3525607,SP,prefeito,DEM
2008,3526803,SP,prefeito,PSDB
2008,3528502,SP,prefeito,PSDB
2008,3529203,SP,prefeito,PSDB
2008,3530300,SP,prefeito,PDT
2008,3534302,SP,prefeito,PTB
2008,3535408,SP,prefeito,PSDB
2008,3536703,SP,prefeito,PV
2008,3539509,SP,prefeito,PSDB
2008,3543808,SP,prefeito,PSDB
2008,3547205,SP,prefeito,PSDB
2008,3549201,SP,prefeito,PRB
2008,3552205,SP,prefeito,PSDB
2008,3553401,SP,prefeito,DEM
2008,3553955,SP,prefeito,PSDB
2008,3554607,SP,prefeito,PTB
2012,3503307,SP,prefeito,PT
2012,3504305,SP,prefeito,PTB
2012,3506805,SP,prefeito,PSB
2012,3510104,SP,prefeito,PPS
2012,3510708,SP,prefeito,PV
2012,3513504,SP,prefeito,PT
2012,3513850,SP,prefeito,PMDB
2012,3514403,SP,prefeito,PR
2012,3517802,SP,prefeito,PR
2012,3522158,SP,prefeito,PSD
2012,3523206,SP,prefeito,PT
2012,3523701,SP,prefeito,PP
2012,3524501,SP,prefeito,DEM
2012,3526001,SP,prefeito,PSDB
2012,3528007,SP,prefeito,PP
2012,3529302,SP,prefeito,PT
2012,3530409,SP,prefeito,PC do B
2012,3533106,SP,prefeito,PPS
2012,3533502,SP,prefeito,PPS
2012,3533809,SP,prefeito,PSD
2012,3535507,SP,prefeito,PP
2012,3537404,SP,prefeito,PSDB
2012,3541653,SP,prefeito,DEM
2012,3542800,SP,prefeito,PSDB
2012,3543238,SP,prefeito,PSB
2012,3547304,SP,prefeito,PSDB
2012,3553203,SP,prefeito,PT
2012,3554508,SP,prefeito,PSD
2012,3554706,SP,prefeito,PSL
2012,3555901,SP,prefeito,PSDB
2012,3556909,SP,prefeito,PSDB
2012,3543402,SP,prefeito,PSD
2016,3500709,SP,prefeito,REPUBLICANOS
2016,3500808,SP,prefeito,PSD
2016,3503356,SP,prefeito,PTB
2016,3505104,SP,prefeito,DEM
2016,3507506,SP,prefeito,PSDB
2016,3508009,SP,prefeito,PP
2016,3508702,SP,prefeito,PTB
2016,3509304,SP,prefeito,PSDB
2016,3510153,SP,prefeito,PTB
2016,3516705,SP,prefeito,DEM
2016,3517703,SP,prefeito,PSDB
2016,3526308,SP,prefeito,PL
2016,3526506,SP,prefeito,PV
2016,3528205,SP,prefeito,PTB
2016,3533205,SP,prefeito,PSDB
2016,3533809,SP,prefeito,PSB
2016,3540408,SP,prefeito,CIDADANIA
2016,3540606,SP,prefeito,PTB
2016,3540804,SP,prefeito,PSD
2016,3544251,SP,prefeito,PSD
2016,3545001,SP,prefeito,PL
2016,3545803,SP,prefeito,PV
2016,3548054,SP,prefeito,DEM
2016,3548609,SP,prefeito,PV
2016,3553856,SP,prefeito,PSDB
2016,3554656,SP,prefeito,PTB
2016,3555208,SP,prefeito,MDB
2020,3500402,SP,prefeito,PSC
2020,3502903,SP,prefeito,PSD
2020,3503505,SP,prefeito,MDB
2020,3503901,SP,prefeito,PSD
2020,3504602,SP,prefeito,PSDB
2020,3508207,SP,prefeito,PV
2020,3509908,SP,prefeito,PL
2020,3510005,SP,prefeito,PL
2020,3510609,SP,prefeito,PSDB
2020,3512506,SP,prefeito,DEM
2020,3513405,SP,prefeito,PSD
2020,3514007,SP,prefeito,PSDB
2020,3514403,SP,prefeito,PATRIOTA
2020,3516101,SP,prefeito,PSDB
2020,3516309,SP,prefeito,REPUBLICANOS
2020,3516606,SP,prefeito,PSDB
2020,3516903,SP,prefeito,PTB
2020,3524006,SP,prefeito,PSD
2020,3527256,SP,prefeito,PSDB
2020,3527702,SP,prefeito,DEM
2020,3529906,SP,prefeito,PL
2020,3533502,SP,prefeito,PL
2020,3533601,SP,prefeito,PSDB
2020,3536307,SP,prefeito,CIDADANIA
2020,3546405,SP,prefeito,PSD
2020,3546900,SP,prefeito,PL
2020,3553500,SP,prefeito,PSB
2020,3553708,SP,prefeito,PSDB
2020,3556354,SP,prefeito,PL
2020,3556800,SP,prefeito,PTB
2008,3501509,SP,prefeito,PP
2008,3502200,SP,prefeito,PSDB
2008,3504503,SP,prefeito,PSDB
2008,3505104,SP,prefeito,PSDB
2008,3506003,SP,prefeito,PSDB
2008,3507100,SP,prefeito,PSDB
2008,3507209,SP,prefeito,PT
2008,3507803,SP,prefeito,PTB
2008,3509502,SP,prefeito,PDT
2008,3509957,SP,prefeito,PDT
2008,3512902,SP,prefeito,PDT
2008,3517208,SP,prefeito,PSDB
2008,3518800,SP,prefeito,PT
2008,3521903,SP,prefeito,PP
2008,3523602,SP,prefeito,PT
2008,3525300,SP,prefeito,PV
2008,3525805,SP,prefeito,DEM
2008,3528700,SP,prefeito,PSDB
2008,3529104,SP,prefeito,PSDB
2008,3531902,SP,prefeito,PT
2008,3535200,SP,prefeito,PR
2008,3544608,SP,prefeito,PSDB
2008,3545209,SP,prefeito,PDT
2008,3546702,SP,prefeito,DEM
2008,3547908,SP,prefeito,PV
2008,3548203,SP,prefeito,PT
2008,3549607,SP,prefeito,PR
2008,3550100,SP,prefeito,PSB
2008,3552304,SP,prefeito,PSDB
2008,3552551,SP,prefeito,PSDB
2008,3554409,SP,prefeito,PMDB
2008,3554508,SP,prefeito,PTB
2008,3556305,SP,prefeito,PSDB
2008,3556701,SP,prefeito,PTB
2012,3500105,SP,prefeito,PSDB
2012,3500501,SP,prefeito,DEM
2012,3507209,SP,prefeito,PT
2012,3508504,SP,prefeito,PSDB
2012,3509809,SP,prefeito,PMDB
2012,3510153,SP,prefeito,PTB
2012,3510401,SP,prefeito,PPS
2012,3511409,SP,prefeito,PSD
2012,3511706,SP,prefeito,PT
2012,3515152,SP,prefeito,PMDB
2012,3515350,SP,prefeito,PR
2012,3522109,SP,prefeito,PSDB
2012,3529203,SP,prefeito,PV
2012,3531209,SP,prefeito,PC do B
2012,3531407,SP,prefeito,PSB
2012,3533007,SP,prefeito,PSD
2012,3534757,SP,prefeito,PTB
2012,3535309,SP,prefeito,PSDB
2012,3541406,SP,prefeito,PTB
2012,3541802,SP,prefeito,PT
2012,3544509,SP,prefeito,PTB
2012,3545803,SP,prefeito,PV
2012,3549706,SP,prefeito,PSDB
2012,3551702,SP,prefeito,PSDB
2012,3552601,SP,prefeito,PSDB
2012,3552908,SP,prefeito,PP
2016,3500105,SP,prefeito,DEM
2016,3503901,SP,prefeito,MDB
2016,3507308,SP,prefeito,PSDB
2016,3512704,SP,prefeito,DEM
2016,3514700,SP,prefeito,MDB
2016,3515905,SP,prefeito,MDB
2016,3519006,SP,prefeito,PV
2016,3521705,SP,prefeito,PSDB
2016,3522000,SP,prefeito,PL
2016,3522109,SP,prefeito,PSDB
2016,3525102,SP,prefeito,MDB
2016,3526209,SP,prefeito,PL
2016,3529906,SP,prefeito,PSDB
2016,3532058,SP,prefeito,PT
2016,3532843,SP,prefeito,MDB
2016,3537206,SP,prefeito,DEM
2016,3539301,SP,prefeito,PSDB
2016,3540705,SP,prefeito,PSD
2016,3544301,SP,prefeito,PSD
2016,3544905,SP,prefeito,MDB
2016,3547007,SP,prefeito,SOLIDARIEDADE
2016,3548401,SP,prefeito,PV
2016,3553203,SP,prefeito,PTB
2016,3556008,SP,prefeito,PTB
2020,3501905,SP,prefeito,MDB
2020,3502705,SP,prefeito,PSB
2020,3503604,SP,prefeito,PL
2020,3504107,SP,prefeito,PSD
2020,3505807,SP,prefeito,MDB
2020,3505906,SP,prefeito,PP
2020,3506607,SP,prefeito,PL
2020,3507456,SP,prefeito,MDB
2020,3508702,SP,prefeito,PSDB
2020,3511102,SP,prefeito,PSDB
2020,3511409,SP,prefeito,MDB
2020,3518404,SP,prefeito,PSC
2020,3522109,SP,prefeito,PSDB
2020,3522158,SP,prefeito,PSD
2020,3529609,SP,prefeito,AVANTE
2020,3532306,SP,prefeito,PSB
2020,3533403,SP,prefeito,PSD
2020,3535804,SP,prefeito,PP
2020,3544251,SP,prefeito,PSD
2020,3545001,SP,prefeito,PL
2020,3547908,SP,prefeito,PSD
2020,3548054,SP,prefeito,PSDB
2020,3549300,SP,prefeito,PV
2020,3550506,SP,prefeito,PSDB
2020,3554656,SP,prefeito,PSD
2020,3556008,SP,prefeito,DEM
2008,3504602,SP,prefeito,PMDB
2008,3505302,SP,prefeito,PPS
2008,3506359,SP,prefeito,DEM
2008,3509700,SP,prefeito,PPS
2008,3515103,SP,prefeito,PMDB
2008,3516903,SP,prefeito,PTB
2008,3518206,SP,prefeito,PSDB
2008,3523206,SP,prefeito,DEM
2008,3526100,SP,prefeito,PTB
2008,3526407,SP,prefeito,PT
2008,3527702,SP,prefeito,PV
2008,3528809,SP,prefeito,PMDB
2008,3530805,SP,prefeito,PSDB
2008,3531605,SP,prefeito,PMDB
2008,3532207,SP,prefeito,PSDB
2008,3534500,SP,prefeito,PSDB
2008,3534807,SP,prefeito,DEM
2008,3540002,SP,prefeito,PP
2008,3540259,SP,prefeito,PMDB
2008,3541208,SP,prefeito,PSDB
2008,3543105,SP,prefeito,PT
2008,3545159,SP,prefeito,PDT
2008,3546009,SP,prefeito,PMDB
2008,3546207,SP,prefeito,PSDB
2008,3547403,SP,prefeito,PSDB
2008,3550605,SP,prefeito,PSDB
2008,3555604,SP,prefeito,PMDB
2008,3556206,SP,prefeito,PMDB
2012,3502002,SP,prefeito,PMDB
2012,3503406,SP,prefeito,PSB
2012,3505609,SP,prefeito,PT
2012,3507159,SP,prefeito,PSDB
2012,3508207,SP,prefeito,PP
2012,3508801,SP,prefeito,PSDB
2012,3512209,SP,prefeito,DEM
2012,3512704,SP,prefeito,PTB
2012,3513306,SP,prefeito,DEM
2012,3515194,SP,prefeito,PSDB
2012,3515400,SP,prefeito,PSDB
2012,3515806,SP,prefeito,PSD
2012,3517406,SP,prefeito,PT
2012,3518107,SP,prefeito,PSB
2012,3521705,SP,prefeito,DEM
2012,3527306,SP,prefeito,PTB
2012,3529104,SP,prefeito,PV
2012,3529807,SP,prefeito,PSDB
2012,3530102,SP,prefeito,PP
2012,3531803,SP,prefeito,PMDB
2012,3531902,SP,prefeito,PTB
2012,3534203,SP,prefeito,PMDB
2012,3534708,SP,prefeito,PMDB
2012,3535606,SP,prefeito,DEM
2012,3537701,SP,prefeito,PTB
2012,3538907,SP,prefeito,PR
2012,3547700,SP,prefeito,PSDB
2012,3549250,SP,prefeito,PMDB
2012,3549904,SP,prefeito,PT
2012,3554003,SP,prefeito,PMDB
2012,3555356,SP,prefeito,PP
2012,3557303,SP,prefeito,DEM
2012,3525904,SP,prefeito,PC do B
2016,3500303,SP,prefeito,PSDB
2016,3505500,SP,prefeito,PSDB
2016,3507753,SP,prefeito,PV
2016,3509957,SP,prefeito,PSDB
2016,3511607,SP,prefeito,PSDB
2016,3522802,SP,prefeito,DEM
2016,3527801,SP,prefeito,MDB
2016,3530805,SP,prefeito,PSDB
2016,3532900,SP,prefeito,PTB
2016,3533106,SP,prefeito,MDB
2016,3533254,SP,prefeito,REPUBLICANOS
2016,3533304,SP,prefeito,PSDB
2016,3535804,SP,prefeito,PV
2016,3539806,SP,prefeito,PL
2016,3542404,SP,prefeito,PSDB
2016,3544608,SP,prefeito,REPUBLICANOS
2016,3545605,SP,prefeito,DEM
2016,3551900,SP,prefeito,PSB
2016,3552551,SP,prefeito,PSDB
2016,3554201,SP,prefeito,PTB
2016,3554409,SP,prefeito,MDB
2016,3508801,SP,prefeito,PTB
2020,3502408,SP,prefeito,PSDB
2020,3502754,SP,prefeito,PROS
2020,3504800,SP,prefeito,MDB
2020,3505005,SP,prefeito,PDT
2020,3507407,SP,prefeito,PATRIOTA
2020,3507605,SP,prefeito,DEM
2020,3508900,SP,prefeito,REPUBLICANOS
2020,3513207,SP,prefeito,PSD
2020,3516002,SP,prefeito,MDB
2020,3517901,SP,prefeito,CIDADANIA
2020,3518107,SP,prefeito,AVANTE
2020,3520004,SP,prefeito,CIDADANIA
2020,3520442,SP,prefeito,PSDB
2020,3523008,SP,prefeito,PP
2020,3527405,SP,prefeito,PV
2020,3528809,SP,prefeito,MDB
2020,3535903,SP,prefeito,PP
2020,3536505,SP,prefeito,PL
2020,3543105,SP,prefeito,PTB
2020,3543238,SP,prefeito,PSDB
2020,3543253,SP,prefeito,PP
2020,3548906,SP,prefeito,PSL
2020,3549201,SP,prefeito,PSDB
2020,3549904,SP,prefeito,PSDB
2020,3552551,SP,prefeito,PSDB
2020,3557006,SP,prefeito,PSDB
2020,3557154,SP,prefeito,DEM
2008,3501707,SP,prefeito,PT
2008,3501806,SP,prefeito,PR
2008,3503109,SP,prefeito,PTB
2008,3507456,SP,prefeito,PSDB
2008,3508405,SP,prefeito,PMDB
2008,3508504,SP,prefeito,DEM
2008,3509254,SP,prefeito,PSDB
2008,3510005,SP,prefeito,PHS
2008,3510203,SP,prefeito,PR
2008,3511508,SP,prefeito,PPS
2008,3512001,SP,prefeito,PSDB
2008,3518107,SP,prefeito,PSB
2008,3522505,SP,prefeito,PT
2008,3523404,SP,prefeito,PSDB
2008,3523800,SP,prefeito,PSDB
2008,3525508,SP,prefeito,PSB
2008,3526605,SP,prefeito,PSDB
2008,3528601,SP,prefeito,PTB
2008,3529609,SP,prefeito,PTB
2008,3532504,SP,prefeito,PSDB
2008,3539004,SP,prefeito,PSDB
2008,3545308,SP,prefeito,PDT
2008,3545704,SP,prefeito,PMDB
2008,3546504,SP,prefeito,PTB
2008,3548500,SP,prefeito,PMDB
2008,3549805,SP,prefeito,PSB
2008,3550902,SP,prefeito,PSDB
2008,3556503,SP,prefeito,PT
2008,3557006,SP,prefeito,PT
2008,3557154,SP,prefeito,PT
2012,3500204,SP,prefeito,DEM
2012,3500402,SP,prefeito,PSC
2012,3503158,SP,prefeito,PPS
2012,3504909,SP,prefeito,PV
2012,3505500,SP,prefeito,PSDB
2012,3505708,SP,prefeito,DEM
2012,3505807,SP,prefeito,PSDB
2012,3506607,SP,prefeito,PSDB
2012,3509106,SP,prefeito,PSDB
2012,3511300,SP,prefeito,PMDB
2012,3514304,SP,prefeito,PP
2012,3515657,SP,prefeito,PR
2012,3519808,SP,prefeito,PSC
2012,3525003,SP,prefeito,PV
2012,3526308,SP,prefeito,PSDB
2012,3527009,SP,prefeito,PMDB
2012,3527405,SP,prefeito,PSDB
2012,3527504,SP,prefeito,PP
2012,3527702,SP,prefeito,PV
2012,3527801,SP,prefeito,PSDB
2012,3528908,SP,prefeito,PMDB
2012,3531100,SP,prefeito,PSDB
2012,3535408,SP,prefeito,PPS
2012,3537909,SP,prefeito,PSDB
2012,3538501,SP,prefeito,PT
2012,3551009,SP,prefeito,PP
2012,3552403,SP,prefeito,PSDB
2012,3554953,SP,prefeito,DEM
2012,3556008,SP,prefeito,PPS
2012,3556305,SP,prefeito,PSDB
2012,3550308,SP,prefeito,PT
2016,3506201,SP,prefeito,MDB
2016,3508603,SP,prefeito,PL
2016,3508900,SP,prefeito,PSDB
2016,3510104,SP,prefeito,PSB
2016,3510807,SP,prefeito,PL
2016,3511102,SP,prefeito,PSB
2016,3512308,SP,prefeito,PSB
2016,3513306,SP,prefeito,PSD
2016,3513405,SP,prefeito,SOLIDARIEDADE
2016,3513850,SP,prefeito,DEM
2016,3515400,SP,prefeito,PSDB
2016,3519204,SP,prefeito,PSDB
2016,3521507,SP,prefeito,PDT
2016,3522406,SP,prefeito,PSDB
2016,3523503,SP,prefeito,DEM
2016,3525003,SP,prefeito,PTB
2016,3525706,SP,prefeito,PSD
2016,3526704,SP,prefeito,PSD
2016,3527603,SP,prefeito,PTB
2016,3535101,SP,prefeito,DEM
2016,3535309,SP,prefeito,PSD
2016,3536000,SP,prefeito,PL
2016,3541208,SP,prefeito,PP
2016,3543808,SP,prefeito,PV
2016,3544400,SP,prefeito,PSD
2016,3549102,SP,prefeito,MDB
2016,3549805,SP,prefeito,MDB
2016,3553104,SP,prefeito,MDB
2016,3554508,SP,prefeito,PSDB
2020,3500709,SP,prefeito,MDB
2020,3501509,SP,prefeito,PSDB
2020,3507159,SP,prefeito,PTB
2020,3509205,SP,prefeito,PSD
2020,3509809,SP,prefeito,PSD
2020,3510104,SP,prefeito,DEM
2020,3515707,SP,prefeito,PSD
2020,3516507,SP,prefeito,PSDB
2020,3517604,SP,prefeito,DEM
2020,3518206,SP,prefeito,PTB
2020,3525201,SP,prefeito,PSD
2020,3525854,SP,prefeito,DEM
2020,3532900,SP,prefeito,PTB
2020,3533007,SP,prefeito,PSD
2020,3545803,SP,prefeito,PV
2020,3547502,SP,prefeito,PATRIOTA
2020,3550704,SP,prefeito,PSDB
2020,3551702,SP,prefeito,PSDB
2020,3552007,SP,prefeito,PSDB
2020,3552601,SP,prefeito,PTB
2020,3553203,SP,prefeito,PP
2008,3500204,SP,prefeito,PP
2008,3500501,SP,prefeito,PSDB
2008,3500758,SP,prefeito,PV
2008,3501202,SP,prefeito,DEM
2008,3502705,SP,prefeito,DEM
2008,3502903,SP,prefeito,PTB
2008,3503307,SP,prefeito,DEM
2008,3509809,SP,prefeito,PSDB
2008,3512506,SP,prefeito,PMDB
2008,3513306,SP,prefeito,DEM
2008,3513504,SP,prefeito,PT
2008,3513702,SP,prefeito,PPS
2008,3515806,SP,prefeito,PMDB
2008,3522604,SP,prefeito,PV
2008,3530102,SP,prefeito,DEM
2008,3531704,SP,prefeito,PSDB
2008,3532108,SP,prefeito,PSDB
2008,3533502,SP,prefeito,PSC
2008,3537404,SP,prefeito,PSDB
2008,3545605,SP,prefeito,DEM
2008,3547007,SP,prefeito,DEM
2008,3548005,SP,prefeito,PPS
2008,3550803,SP,prefeito,PPS
2008,3553104,SP,prefeito,PTB
2008,3553500,SP,prefeito,PSDB
2008,3557303,SP,prefeito,DEM
2012,3504008,SP,prefeito,PSDB
2012,3505203,SP,prefeito,PMDB
2012,3505302,SP,prefeito,PP
2012,3506201,SP,prefeito,PRB
2012,3507902,SP,prefeito,PSL
2012,3511003,SP,prefeito,PSDB
2012,3516507,SP,prefeito,PSDB
2012,3519071,SP,prefeito,PT
2012,3519303,SP,prefeito,PTB
2012,3520103,SP,prefeito,PDT
2012,3525409,SP,prefeito,PSD
2012,3525607,SP,prefeito,PMDB
2012,3529609,SP,prefeito,PSDB
2012,3532058,SP,prefeito,PMDB
2012,3534005,SP,prefeito,PTB
2012,3536307,SP,prefeito,PT
2012,3539103,SP,prefeito,PMDB
2012,3541059,SP,prefeito,PR
2012,3542602,SP,prefeito,PSDB
2012,3543204,SP,prefeito,PPS
2012,3544608,SP,prefeito,DEM
2012,3546108,SP,prefeito,PRB
2012,3546900,SP,prefeito,PMDB
2012,3551801,SP,prefeito,PSDB
2012,3552551,SP,prefeito,PDT
2012,3553104,SP,prefeito,DEM
2012,3553658,SP,prefeito,PSDB
2012,3554607,SP,prefeito,PSDB
2012,3555703,SP,prefeito,PPS
2012,3556453,SP,prefeito,PSB
2012,3557204,SP,prefeito,DEM
2012,3512605,SP,prefeito,PSDB
2012,3529401,SP,prefeito,PT
2016,3502200,SP,prefeito,MDB
2016,3503109,SP,prefeito,PL
2016,3507209,SP,prefeito,REPUBLICANOS
2016,3507605,SP,prefeito,DEM
2016,3516309,SP,prefeito,REPUBLICANOS
2016,3517000,SP,prefeito,PSDB
2016,3517802,SP,prefeito,CIDADANIA
2016,3518206,SP,prefeito,PTB
2016,3519501,SP,prefeito,PSDB
2016,3527702,SP,prefeito,MDB
2016,3529104,SP,prefeito,MDB
2016,3532157,SP,prefeito,PT
2016,3533601,SP,prefeito,PSDB
2016,3534500,SP,prefeito,PSD
2016,3537602,SP,prefeito,PSDB
2016,3538501,SP,prefeito,PSB
2016,3539707,SP,prefeito,PSDB
2016,3541059,SP,prefeito,CIDADANIA
2016,3542107,SP,prefeito,PSD
2016,3542305,SP,prefeito,PTB
2016,3543253,SP,prefeito,PSDB
2016,3544103,SP,prefeito,PSDB
2016,3545308,SP,prefeito,PDT
2016,3547700,SP,prefeito,MDB
2016,3549003,SP,prefeito,PSD
2016,3552106,SP,prefeito,PTB
2016,3552304,SP,prefeito,MDB
2016,3553401,SP,prefeito,PSB
2020,3501202,SP,prefeito,DEM
2020,3501707,SP,prefeito,PSDB
2020,3502200,SP,prefeito,REPUBLICANOS
2020,3503109,SP,prefeito,PTB
2020,3503208,SP,prefeito,PT
2020,3509007,SP,prefeito,MDB
2020,3510153,SP,prefeito,CIDADANIA
2020,3520301,SP,prefeito,PSDB
2020,3520509,SP,prefeito,MDB
2020,3523602,SP,prefeito,PSDB
2020,3525904,SP,prefeito,PSDB
2020,3528205,SP,prefeito,PSD
2020,3528502,SP,prefeito,PSDB
2020,3532207,SP,prefeito,PSDB
2020,3536802,SP,prefeito,PSDB
2020,3537107,SP,prefeito,DEM
2020,3539202,SP,prefeito,MDB
2020,3539905,SP,prefeito,DEM
2020,3540507,SP,prefeito,PL
2020,3540754,SP,prefeito,PL
2020,3540903,SP,prefeito,PSDB
2020,3541653,SP,prefeito,DEM
2020,3542008,SP,prefeito,PSC
2020,3543709,SP,prefeito,PSL
2020,3545159,SP,prefeito,PSDB
2020,3546504,SP,prefeito,CIDADANIA
2020,3547650,SP,prefeito,PSD
2020,3549805,SP,prefeito,MDB
2020,3550902,SP,prefeito,DEM
2020,3554300,SP,prefeito,PSD
2020,3555703,SP,prefeito,PV
2008,3500600,SP,prefeito,PSDB
2008,3503000,SP,prefeito,PPS
2008,3506508,SP,prefeito,PMDB
2008,3507308,SP,prefeito,PP
2008,3507704,SP,prefeito,PV
2008,3507753,SP,prefeito,PV
2008,3508603,SP,prefeito,PSDB
2008,3511201,SP,prefeito,PPS
2008,3512803,SP,prefeito,PT
2008,3514700,SP,prefeito,PSDB
2008,3520806,SP,prefeito,DEM
2008,3522000,SP,prefeito,PSDB
2008,3522208,SP,prefeito,PMDB
2008,3523305,SP,prefeito,PSDB
2008,3523503,SP,prefeito,PSDB
2008,3524105,SP,prefeito,PSDB
2008,3524709,SP,prefeito,PPS
2008,3530607,SP,prefeito,DEM
2008,3533601,SP,prefeito,PTB
2008,3537503,SP,prefeito,PSDB
2008,3538204,SP,prefeito,PSDB
2008,3540408,SP,prefeito,PMDB
2008,3542503,SP,prefeito,PSDB
2008,3545803,SP,prefeito,PDT
2008,3548054,SP,prefeito,PT
2008,3553708,SP,prefeito,DEM
2008,3556404,SP,prefeito,PSDB
2008,3556453,SP,prefeito,PSB
2012,3500808,SP,prefeito,PP
2012,3501152,SP,prefeito,PSDB
2012,3502309,SP,prefeito,PMDB
2012,3502903,SP,prefeito,PT
2012,3503505,SP,prefeito,PSDB
2012,3503901,SP,prefeito,PR
2012,3507001,SP,prefeito,PTB
2012,3510609,SP,prefeito,PT
2012,3511607,SP,prefeito,PSDB
2012,3514908,SP,prefeito,PSDB
2012,3514957,SP,prefeito,DEM
2012,3518503,SP,prefeito,PT
2012,3521309,SP,prefeito,PMDB
2012,3521903,SP,prefeito,PTB
2012,3522802,SP,prefeito,PPS
2012,3523107,SP,prefeito,PTN
2012,3525508,SP,prefeito,PT
2012,3527900,SP,prefeito,PV
2012,3529906,SP,prefeito,PSB
2012,3530805,SP,prefeito,PDT
2012,3532306,SP,prefeito,PSDB
2012,3533205,SP,prefeito,PSDB
2012,3533403,SP,prefeito,PSDB
2012,3540101,SP,prefeito,PPS
2012,3540309,SP,prefeito,PSDB
2012,3541208,SP,prefeito,PMDB
2012,3542305,SP,prefeito,PMDB
2012,3543303,SP,prefeito,PMDB
2012,3544004,SP,prefeito,PPS
2012,3546405,SP,prefeito,PT
2012,3548500,SP,prefeito,PSDB
2012,3548906,SP,prefeito,PSDB
2012,3550001,SP,prefeito,PR
2012,3551306,SP,prefeito,PMDB
2012,3551504,SP,prefeito,PSD
2012,3552106,SP,prefeito,PTB
2012,3555109,SP,prefeito,PSD
2012,3557105,SP,prefeito,PSDB
2016,3501202,SP,prefeito,MDB
2016,3505302,SP,prefeito,MDB
2016,3509601,SP,prefeito,PROS
2016,3509700,SP,prefeito,PSDB
2016,3510401,SP,prefeito,PSDB
2016,3518008,SP,prefeito,PTB
2016,3520202,SP,prefeito,PSDB
2016,3520905,SP,prefeito,PL
2016,3521101,SP,prefeito,PSD
2016,3523008,SP,prefeito,PP
2016,3523909,SP,prefeito,PTB
2016,3527504,SP,prefeito,PP
2016,3532009,SP,prefeito,PSD
2016,3534104,SP,prefeito,PSD
2016,3534203,SP,prefeito,MDB
2016,3536703,SP,prefeito,MDB
2016,3538808,SP,prefeito,CIDADANIA
2016,3540903,SP,prefeito,PTB
2016,3546009,SP,prefeito,PSDB
2016,3546207,SP,prefeito,PSDB
2016,3546801,SP,prefeito,REPUBLICANOS
2016,3550001,SP,prefeito,PSDB
2016,3550704,SP,prefeito,PSDB
2016,3551108,SP,prefeito,MDB
2016,3552809,SP,prefeito,PSDB
2016,3552908,SP,prefeito,PV
2016,3557006,SP,prefeito,DEM
2016,3517208,SP,prefeito,DEM
2016,3552205,SP,prefeito,DEM
2020,3504008,SP,prefeito,PDT
2020,3504404,SP,prefeito,PSD
2020,3506904,SP,prefeito,PSD
2020,3510203,SP,prefeito,PODE
2020,3517802,SP,prefeito,PSDB
2020,3519071,SP,prefeito,PSD
2020,3521309,SP,prefeito,PTB
2020,3521606,SP,prefeito,DEM
2020,3524303,SP,prefeito,PATRIOTA
2020,3524709,SP,prefeito,MDB
2020,3525805,SP,prefeito,PSD
2020,3526803,SP,prefeito,DEM
2020,3528007,SP,prefeito,PODE
2020,3533205,SP,prefeito,PTB
2020,3536901,SP,prefeito,PTB
2020,3537156,SP,prefeito,PTB
2020,3541901,SP,prefeito,PSDB
2020,3543204,SP,prefeito,MDB
2020,3543303,SP,prefeito,PL
2020,3544400,SP,prefeito,PSB
2020,3544905,SP,prefeito,PTB
2020,3553609,SP,prefeito,CIDADANIA
2020,3554508,SP,prefeito,PSDB
2020,3556602,SP,prefeito,REPUBLICANOS
2020,3556701,SP,prefeito,PTB
2020,3526902,SP,prefeito,PSD
2020,3551009,SP,prefeito,PODE
2008,3500808,SP,prefeito,PP
2008,3501608,SP,prefeito,PSDB
2008,3503802,SP,prefeito,PT
2008,3503901,SP,prefeito,PR
2008,3504404,SP,prefeito,PSDB
2008,3504701,SP,prefeito,PMDB
2008,3505005,SP,prefeito,PSDB
2008,3509007,SP,prefeito,DEM
2008,3512209,SP,prefeito,PSDB
2008,3513603,SP,prefeito,PSDB
2008,3513900,SP,prefeito,PTB
2008,3514007,SP,prefeito,PT
2008,3514304,SP,prefeito,PT
2008,3514502,SP,prefeito,PP
2008,3516507,SP,prefeito,PSDB
2008,3518859,SP,prefeito,PSDB
2008,3525102,SP,prefeito,PPS
2008,3526308,SP,prefeito,DEM
2008,3527207,SP,prefeito,PTB
2008,3529906,SP,prefeito,PSDB
2008,3532702,SP,prefeito,PTB
2008,3533106,SP,prefeito,PSDB
2008,3534609,SP,prefeito,PSDB
2008,3536109,SP,prefeito,PR
2008,3539202,SP,prefeito,PSDB
2008,3539806,SP,prefeito,PDT
2008,3540754,SP,prefeito,PMN
2008,3541703,SP,prefeito,PDT
2008,3541802,SP,prefeito,PT
2008,3549904,SP,prefeito,PSDB
2008,3550308,SP,prefeito,DEM
2008,3555000,SP,prefeito,PSDB
2008,3555901,SP,prefeito,PSDB
2008,3556107,SP,prefeito,PDT
2012,3500709,SP,prefeito,PMDB
2012,3500907,SP,prefeito,PR
2012,3506904,SP,prefeito,PT
2012,3517703,SP,prefeito,PSDB
2012,3519402,SP,prefeito,PTB
2012,3520509,SP,prefeito,PMDB
2012,3524105,SP,prefeito,PR
2012,3529005,SP,prefeito,PSB
2012,3530201,SP,prefeito,PTB
2012,3531704,SP,prefeito,PSB
2012,3532603,SP,prefeito,PSB
2012,3535101,SP,prefeito,DEM
2012,3538105,SP,prefeito,DEM
2012,3540705,SP,prefeito,PSDB
2012,3541307,SP,prefeito,PSB
2012,3542701,SP,prefeito,DEM
2012,3543006,SP,prefeito,PT
2012,3545001,SP,prefeito,PR
2012,3545209,SP,prefeito,PT
2012,3546702,SP,prefeito,PTB
2012,3547502,SP,prefeito,PSDB
2012,3548005,SP,prefeito,PRB
2012,3548609,SP,prefeito,PSDB
2012,3549003,SP,prefeito,PSD
2012,3550209,SP,prefeito,PTB
2012,3553906,SP,prefeito,PSDB
2012,3554409,SP,prefeito,PMDB
2012,3509908,SP,prefeito,PV
2012,3518701,SP,prefeito,PMDB
2016,3501152,SP,prefeito,CIDADANIA
2016,3502606,SP,prefeito,PSD
2016,3503208,SP,prefeito,PT
2016,3511409,SP,prefeito,REPUBLICANOS
2016,3512407,SP,prefeito,MDB
2016,3513702,SP,prefeito,PL
2016,3514007,SP,prefeito,PTB
2016,3515186,SP,prefeito,PSD
2016,3519808,SP,prefeito,DEM
2016,3522505,SP,prefeito,PODE
2016,3523107,SP,prefeito,PSDB
2016,3524105,SP,prefeito,PSDB
2016,3524907,SP,prefeito,SOLIDARIEDADE
2016,3526407,SP,prefeito,PTB
2016,3527306,SP,prefeito,PTB
2016,3527405,SP,prefeito,PSB
2016,3533403,SP,prefeito,PSDB
2016,3535002,SP,prefeito,PP
2016,3537008,SP,prefeito,PSDB
2016,3539004,SP,prefeito,PSDB
2016,3543204,SP,prefeito,CIDADANIA
2016,3543600,SP,prefeito,CIDADANIA
2016,3545506,SP,prefeito,PSB
2016,3547304,SP,prefeito,PSDB
2016,3547403,SP,prefeito,PSB
2016,3548807,SP,prefeito,PSDB
2016,3549201,SP,prefeito,PL
2016,3549607,SP,prefeito,MDB
2016,3553807,SP,prefeito,PSDB
2016,3554755,SP,prefeito,MDB
2016,3554805,SP,prefeito,PSB
2016,3556800,SP,prefeito,PTB
2016,3534401,SP,prefeito,PODE
2020,3500204,SP,prefeito,PSDB
2020,3501806,SP,prefeito,CIDADANIA
2020,3505500,SP,prefeito,DEM
2020,3507308,SP,prefeito,PSDB
2020,3507902,SP,prefeito,DEM
2020,3508405,SP,prefeito,PSDB
2020,3517307,SP,prefeito,PSDB
2020,3520400,SP,prefeito,PL
2020,3521150,SP,prefeito,DEM
2020,3521408,SP,prefeito,PL
2020,3530201,SP,prefeito,PSDB
2020,3531209,SP,prefeito,DEM
2020,3532843,SP,prefeito,PSDB
2020,3535002,SP,prefeito,PSDB
2020,3536570,SP,prefeito,MDB
2020,3540101,SP,prefeito,CIDADANIA
2020,3541604,SP,prefeito,PSDB
2020,3544004,SP,prefeito,PSB
2020,3546108,SP,prefeito,PSD
2020,3547304,SP,prefeito,PSDB
2020,3551801,SP,prefeito,MDB
2020,3554607,SP,prefeito,MDB
2020,3555000,SP,prefeito,PSD
2020,3555109,SP,prefeito,DEM
2020,3555406,SP,prefeito,PL
2020,3555505,SP,prefeito,MDB
2020,3556107,SP,prefeito,PSDB
2020,3557105,SP,prefeito,PSDB
2008,3501103,SP,prefeito,DEM
2008,3504909,SP,prefeito,PSB
2008,3510609,SP,prefeito,PT
2008,3514403,SP,prefeito,PV
2008,3515129,SP,prefeito,PTB
2008,3516853,SP,prefeito,PDT
2008,3517901,SP,prefeito,PPS
2008,3521309,SP,prefeito,PPS
2008,3522307,SP,prefeito,PMDB
2008,3524501,SP,prefeito,PPS
2008,3527306,SP,prefeito,PSDB
2008,3527801,SP,prefeito,PMDB
2008,3530003,SP,prefeito,PMDB
2008,3531407,SP,prefeito,PTB
2008,3532306,SP,prefeito,PPS
2008,3532827,SP,prefeito,PTB
2008,3537305,SP,prefeito,PT
2008,3538907,SP,prefeito,DEM
2008,3540309,SP,prefeito,PSDB
2008,3542404,SP,prefeito,PTB
2008,3542909,SP,prefeito,PPS
2008,3544400,SP,prefeito,PSDB
2008,3546256,SP,prefeito,PPS
2008,3549953,SP,prefeito,DEM
2008,3554102,SP,prefeito,PMDB
2008,3555703,SP,prefeito,PPS
2012,3505104,SP,prefeito,PTB
2012,3506003,SP,prefeito,PMDB
2012,3514809,SP,prefeito,PMDB
2012,3516853,SP,prefeito,PHS
2012,3518008,SP,prefeito,PSD
2012,3519055,SP,prefeito,PTB
2012,3519105,SP,prefeito,DEM
2012,3520202,SP,prefeito,PR
2012,3521408,SP,prefeito,PT
2012,3522653,SP,prefeito,PT
2012,3525706,SP,prefeito,PT
2012,3527207,SP,prefeito,PSDB
2012,3532868,SP,prefeito,PSDB
2012,3536406,SP,prefeito,PV
2012,3537107,SP,prefeito,PT
2012,3539905,SP,prefeito,PSDB
2012,3541703,SP,prefeito,PSDB
2012,3546256,SP,prefeito,PSDB
2012,3548104,SP,prefeito,PSDB
2012,3509502,SP,prefeito,PSB
2016,3502507,SP,prefeito,MDB
2016,3504107,SP,prefeito,PSB
2016,3504305,SP,prefeito,PSD
2016,3504800,SP,prefeito,MDB
2016,3506300,SP,prefeito,CIDADANIA
2016,3506904,SP,prefeito,PSDB
2016,3509106,SP,prefeito,PTB
2016,3509452,SP,prefeito,PDT
2016,3512001,SP,prefeito,PSDB
2016,3515152,SP,prefeito,MDB
2016,3515350,SP,prefeito,PSD
2016,3517604,SP,prefeito,PTB
2016,3519253,SP,prefeito,PTB
2016,3521408,SP,prefeito,PSDB
2016,3521804,SP,prefeito,PV
2016,3522307,SP,prefeito,MDB
2016,3524402,SP,prefeito,PSDB
2016,3531605,SP,prefeito,PV
2016,3532108,SP,prefeito,PSDB
2016,3532702,SP,prefeito,PSD
2016,3542503,SP,prefeito,MDB
2016,3544202,SP,prefeito,DEM
2016,3549706,SP,prefeito,PSB
2016,3551504,SP,prefeito,PSDB
2016,3553955,SP,prefeito,PSDB
2016,3557105,SP,prefeito,SOLIDARIEDADE
2016,3518701,SP,prefeito,PSB
2020,3500501,SP,prefeito,PSDB
2020,3503307,SP,prefeito,PSDB
2020,3503703,SP,prefeito,PTB
2020,3507753,SP,prefeito,PV
2020,3508603,SP,prefeito,MDB
2020,3513850,SP,prefeito,PSDB
2020,3515657,SP,prefeito,DEM
2020,3519006,SP,prefeito,PP
2020,3522307,SP,prefeito,MDB
2020,3534302,SP,prefeito,MDB
2020,3534708,SP,prefeito,PSD
2020,3537503,SP,prefeito,PSDB
2020,3539707,SP,prefeito,PSDB
2020,3543501,SP,prefeito,DEM
2020,3544608,SP,prefeito,REPUBLICANOS
2020,3547007,SP,prefeito,CIDADANIA
2020,3548401,SP,prefeito,DEM
2020,3551108,SP,prefeito,PSDB
2020,3553856,SP,prefeito,MDB
2020,3555208,SP,prefeito,MDB
2020,3556958,SP,prefeito,PTB
2008,3502754,SP,prefeito,PSDB
2008,3505351,SP,prefeito,PMDB
2008,3505401,SP,prefeito,PRB
2008,3506904,SP,prefeito,PT
2008,3510906,SP,prefeito,PSDB
2008,3511409,SP,prefeito,PDT
2008,3516101,SP,prefeito,PSDB
2008,3516705,SP,prefeito,PR
2008,3516804,SP,prefeito,PSB
2008,3517703,SP,prefeito,PSDB
2008,3519055,SP,prefeito,PPS
2008,3519907,SP,prefeito,PT
2008,3520301,SP,prefeito,PP
2008,3522109,SP,prefeito,PSDB
2008,3525003,SP,prefeito,PSDB
2008,3527108,SP,prefeito,PMDB
2008,3529658,SP,prefeito,PTB
2008,3531001,SP,prefeito,PMDB
2008,3532157,SP,prefeito,PSDB
2008,3533205,SP,prefeito,PTB
2008,3536000,SP,prefeito,PSDB
2008,3538303,SP,prefeito,PSDB
2008,3538709,SP,prefeito,PSDB
2008,3539103,SP,prefeito,PT
2008,3542206,SP,prefeito,PSDB
2008,3544905,SP,prefeito,PSDB
2008,3546603,SP,prefeito,PSDB
2008,3549003,SP,prefeito,DEM
2008,3550001,SP,prefeito,PSDB
2008,3550407,SP,prefeito,PSDB
2008,3552106,SP,prefeito,PSDB
2008,3555356,SP,prefeito,PP
2008,3556958,SP,prefeito,PTB
2012,3504206,SP,prefeito,PMDB
2012,3507506,SP,prefeito,PSDB
2012,3508009,SP,prefeito,PDT
2012,3509205,SP,prefeito,PT
2012,3510906,SP,prefeito,PTB
2012,3511201,SP,prefeito,PTB
2012,3515301,SP,prefeito,PV
2012,3516606,SP,prefeito,PMDB
2012,3518305,SP,prefeito,PR
2012,3519907,SP,prefeito,PPS
2012,3520426,SP,prefeito,PSDB
2012,3520905,SP,prefeito,PSD
2012,3525300,SP,prefeito,PT
2012,3535002,SP,prefeito,PP
2012,3537156,SP,prefeito,PTB
2012,3539202,SP,prefeito,DEM
2012,3540804,SP,prefeito,PMDB
2012,3542404,SP,prefeito,PSDB
2012,3545605,SP,prefeito,DEM
2012,3545704,SP,prefeito,PMDB
2012,3546009,SP,prefeito,PT
2012,3547007,SP,prefeito,DEM
2012,3548401,SP,prefeito,PP
2012,3549607,SP,prefeito,PSDB
2012,3550902,SP,prefeito,PSL
2012,3554755,SP,prefeito,DEM
2016,3503000,SP,prefeito,PSDB
2016,3503505,SP,prefeito,DEM
2016,3504008,SP,prefeito,PDT
2016,3504602,SP,prefeito,CIDADANIA
2016,3505005,SP,prefeito,PSDB
2016,3505609,SP,prefeito,CIDADANIA
2016,3509908,SP,prefeito,PSD
2016,3510005,SP,prefeito,PHS
2016,3510203,SP,prefeito,PTB
2016,3510609,SP,prefeito,PV
2016,3512902,SP,prefeito,CIDADANIA
2016,3514106,SP,prefeito,PTB
2016,3514809,SP,prefeito,PL
2016,3514957,SP,prefeito,PRP
2016,3517901,SP,prefeito,PSD
2016,3518107,SP,prefeito,MDB
2016,3521150,SP,prefeito,SOLIDARIEDADE
2016,3521200,SP,prefeito,PSDB
2016,3521606,SP,prefeito,PSD
2016,3524501,SP,prefeito,DEM
2016,3530300,SP,prefeito,PTB
2016,3531803,SP,prefeito,MDB
2016,3532207,SP,prefeito,PSDB
2016,3537305,SP,prefeito,PSDB
2016,3537701,SP,prefeito,DEM
2016,3537800,SP,prefeito,PSDB
2016,3541505,SP,prefeito,PSD
2016,3541703,SP,prefeito,PSD
2016,3544004,SP,prefeito,PSDB
2016,3548005,SP,prefeito,PSD
2016,3548302,SP,prefeito,MDB
2016,3553302,SP,prefeito,PSD
2016,3553658,SP,prefeito,PTB
2016,3554102,SP,prefeito,PSDB
2016,3554607,SP,prefeito,MDB
2016,3556958,SP,prefeito,PSDB
2016,3557303,SP,prefeito,MDB
2016,3513801,SP,prefeito,PV
2020,3502002,SP,prefeito,REPUBLICANOS
2020,3503000,SP,prefeito,PSD
2020,3503158,SP,prefeito,PSDB
2020,3507001,SP,prefeito,CIDADANIA
2020,3508504,SP,prefeito,CIDADANIA
2020,3509106,SP,prefeito,PTB
2020,3510302,SP,prefeito,PSDB
2020,3510906,SP,prefeito,PATRIOTA
2020,3513504,SP,prefeito,PSDB
2020,3514908,SP,prefeito,MDB
2020,3515905,SP,prefeito,PSDB
2020,3520202,SP,prefeito,PL
2020,3520707,SP,prefeito,PSDB
2020,3525409,SP,prefeito,PSDB
2020,3525508,SP,prefeito,PSD
2020,3526605,SP,prefeito,PP
2020,3529203,SP,prefeito,REPUBLICANOS
2020,3529708,SP,prefeito,PSDB
2020,3530805,SP,prefeito,PDT
2020,3532157,SP,prefeito,DEM
2020,3532504,SP,prefeito,PSDB
2020,3533106,SP,prefeito,PV
2020,3534609,SP,prefeito,PP
2020,3534807,SP,prefeito,PATRIOTA
2020,3538303,SP,prefeito,MDB
2020,3544806,SP,prefeito,PSB
2020,3546801,SP,prefeito,PSL
2020,3550100,SP,prefeito,DEM
2020,3513801,SP,prefeito,PT
2008,3500303,SP,prefeito,PMDB
2008,3505500,SP,prefeito,PTB
2008,3506706,SP,prefeito,PMDB
2008,3507159,SP,prefeito,PSDB
2008,3510500,SP,prefeito,PSDB
2008,3511003,SP,prefeito,PTB
2008,3511904,SP,prefeito,PP
2008,3512308,SP,prefeito,PSDB
2008,3515657,SP,prefeito,PR
2008,3515707,SP,prefeito,PSB
2008,3517307,SP,prefeito,PSDB
2008,3519709,SP,prefeito,PSB
2008,3520400,SP,prefeito,PPS
2008,3520509,SP,prefeito,PDT
2008,3523701,SP,prefeito,PSDB
2008,3524600,SP,prefeito,PT
2008,3529005,SP,prefeito,PDT
2008,3529807,SP,prefeito,PPS
2008,3533700,SP,prefeito,PSDB
2008,3534005,SP,prefeito,PR
2008,3537701,SP,prefeito,PTB
2008,3538105,SP,prefeito,PSDB
2008,3539608,SP,prefeito,PSDB
2008,3540804,SP,prefeito,PMDB
2008,3543238,SP,prefeito,DEM
2008,3543501,SP,prefeito,PHS
2008,3544509,SP,prefeito,PSDB
2008,3549706,SP,prefeito,PMDB
2008,3553302,SP,prefeito,DEM
2008,3553906,SP,prefeito,PSDB
2012,3502804,SP,prefeito,PT
2012,3504909,SP,prefeito,PSDB
2012,3505401,SP,prefeito,PT
2012,3506102,SP,prefeito,DEM
2012,3507456,SP,prefeito,PR
2012,3507704,SP,prefeito,PTB
2012,3508900,SP,prefeito,PSB
2012,3509254,SP,prefeito,PSDB
2012,3510203,SP,prefeito,PR
2012,3515202,SP,prefeito,DEM
2012,3515509,SP,prefeito,PSD
2012,3517208,SP,prefeito,PSDB
2012,3519600,SP,prefeito,PSDB
2012,3520608,SP,prefeito,PV
2012,3523800,SP,prefeito,PSDB
2012,3528106,SP,prefeito,PRB
2012,3528502,SP,prefeito,PV
2012,3534104,SP,prefeito,PSD
2012,3534807,SP,prefeito,DEM
2012,3538808,SP,prefeito,PMDB
2012,3542503,SP,prefeito,PSDB
2012,3548302,SP,prefeito,PMDB
2016,3500758,SP,prefeito,PSDB
2016,3501509,SP,prefeito,PP
2016,3504404,SP,prefeito,PSD
2016,3504909,SP,prefeito,PSDB
2016,3505708,SP,prefeito,PSDB
2016,3505906,SP,prefeito,PSD
2016,3506359,SP,prefeito,PSDB
2016,3506805,SP,prefeito,CIDADANIA
2016,3507407,SP,prefeito,PATRIOTA
2016,3508207,SP,prefeito,PSDB
2016,3510500,SP,prefeito,MDB
2016,3511300,SP,prefeito,CIDADANIA
2016,3511706,SP,prefeito,PSDB
2016,3512506,SP,prefeito,DEM
2016,3513207,SP,prefeito,PSD
2016,3517109,SP,prefeito,PSDB
2016,3518602,SP,prefeito,PSB
2016,3520103,SP,prefeito,MDB
2016,3521903,SP,prefeito,MDB
2016,3525508,SP,prefeito,DEM
2016,3525607,SP,prefeito,MDB
2016,3525805,SP,prefeito,PSB
2016,3528007,SP,prefeito,PL
2016,3529302,SP,prefeito,PSB
2016,3529500,SP,prefeito,SOLIDARIEDADE
2016,3530508,SP,prefeito,PSD
2016,3530904,SP,prefeito,PL
2016,3532405,SP,prefeito,PSDB
2016,3532868,SP,prefeito,PSDB
2016,3535200,SP,prefeito,PL
2016,3535606,SP,prefeito,PSDB
2016,3536570,SP,prefeito,MDB
2016,3536802,SP,prefeito,PSDB
2016,3536901,SP,prefeito,PTB
2016,3542206,SP,prefeito,PSDB
2016,3545407,SP,prefeito,PSDB
2016,3545704,SP,prefeito,MDB
2016,3547205,SP,prefeito,PSDB
2016,3555703,SP,prefeito,PSB
2016,3556206,SP,prefeito,MDB
2016,3556602,SP,prefeito,PSDB
2020,3500758,SP,prefeito,PSD
2020,3504701,SP,prefeito,PSDB
2020,3505708,SP,prefeito,PSDB
2020,3506102,SP,prefeito,DEM
2020,3506359,SP,prefeito,PSDB
2020,3506409,SP,prefeito,PSDB
2020,3506706,SP,prefeito,PP
2020,3507506,SP,prefeito,PSDB
2020,3508108,SP,prefeito,REPUBLICANOS
2020,3509403,SP,prefeito,PSDB
2020,3510401,SP,prefeito,PSL
2020,3510500,SP,prefeito,MDB
2020,3512308,SP,prefeito,PSDB
2020,3515152,SP,prefeito,PSB
2020,3516408,SP,prefeito,PTB
2020,3518008,SP,prefeito,PTB
2020,3521101,SP,prefeito,PP
2020,3526001,SP,prefeito,PSDB
2020,3526506,SP,prefeito,PSDB
2020,3527306,SP,prefeito,PSD
2020,3530003,SP,prefeito,DEM
2020,3531100,SP,prefeito,REPUBLICANOS
2020,3533700,SP,prefeito,PSB
2020,3534906,SP,prefeito,PL
2020,3539509,SP,prefeito,CIDADANIA
2020,3545506,SP,prefeito,PTB
2020,3547205,SP,prefeito,MDB
2020,3552908,SP,prefeito,PV
2020,3557204,SP,prefeito,PSDB
2020,3509502,SP,prefeito,REPUBLICANOS
2020,3516200,SP,prefeito,MDB
2008,3503208,SP,prefeito,PMDB
2008,3518404,SP,prefeito,DEM
2008,3519204,SP,prefeito,PSDB
2008,3519402,SP,prefeito,PR
2008,3520426,SP,prefeito,PSDB
2008,3521705,SP,prefeito,DEM
2008,3523909,SP,prefeito,PV
2008,3530904,SP,prefeito,DEM
2008,3531506,SP,prefeito,PMDB
2008,3533304,SP,prefeito,PSDB
2008,3534708,SP,prefeito,PSDB
2008,3542008,SP,prefeito,PSC
2008,3543204,SP,prefeito,PSB
2008,3543907,SP,prefeito,PMDB
2008,3546306,SP,prefeito,PSDB
2008,3546405,SP,prefeito,PSDB
2008,3548401,SP,prefeito,PP
2008,3551801,SP,prefeito,PR
2008,3552403,SP,prefeito,PT
2012,3501202,SP,prefeito,PMDB
2012,3501509,SP,prefeito,PPS
2012,3501905,SP,prefeito,PSDB
2012,3502507,SP,prefeito,PSDB
2012,3502754,SP,prefeito,PSDB
2012,3504404,SP,prefeito,PSDB
2012,3508603,SP,prefeito,PT
2012,3512902,SP,prefeito,PMDB
2012,3517000,SP,prefeito,PMDB
2012,3518909,SP,prefeito,PSDB
2012,3519006,SP,prefeito,PSDB
2012,3524709,SP,prefeito,PTB
2012,3532009,SP,prefeito,PV
2012,3532108,SP,prefeito,PTB
2012,3535705,SP,prefeito,PT
2012,3544251,SP,prefeito,PSDB
2012,3546306,SP,prefeito,PSDB
2012,3549300,SP,prefeito,PSDB
2012,3552007,SP,prefeito,PR
2012,3554805,SP,prefeito,PSB
2012,3556206,SP,prefeito,PSDB
2012,3556602,SP,prefeito,PT
2012,3518800,SP,prefeito,PT
2016,3500600,SP,prefeito,PSDB
2016,3501905,SP,prefeito,PSDB
2016,3509502,SP,prefeito,PSB
2016,3513009,SP,prefeito,PSD
2016,3514403,SP,prefeito,PODE
2016,3516507,SP,prefeito,PSDB
2016,3517505,SP,prefeito,MDB
2016,3518503,SP,prefeito,MDB
2016,3518859,SP,prefeito,PL
2016,3519907,SP,prefeito,SOLIDARIEDADE
2016,3520707,SP,prefeito,PSD
2016,3527900,SP,prefeito,PHS
2016,3531308,SP,prefeito,PDT
2016,3532504,SP,prefeito,PSDB
2016,3536406,SP,prefeito,CIDADANIA
2016,3538204,SP,prefeito,DEM
2016,3538600,SP,prefeito,PSB
2016,3546108,SP,prefeito,PSDB
2016,3546256,SP,prefeito,PSDB
2016,3549904,SP,prefeito,PSDB
2016,3555307,SP,prefeito,MDB
2016,3555604,SP,prefeito,PSDB
2016,3556354,SP,prefeito,PSD
2020,3500600,SP,prefeito,CIDADANIA
2020,3500808,SP,prefeito,DEM
2020,3501152,SP,prefeito,SOLIDARIEDADE
2020,3505609,SP,prefeito,PL
2020,3506300,SP,prefeito,PL
2020,3507100,SP,prefeito,DEM
2020,3512100,SP,prefeito,PTB
2020,3513108,SP,prefeito,PSDB
2020,3514106,SP,prefeito,PTB
2020,3514601,SP,prefeito,DEM
2020,3515004,SP,prefeito,PT
2020,3515350,SP,prefeito,REPUBLICANOS
2020,3518701,SP,prefeito,PSB
2020,3518909,SP,prefeito,PODE
2020,3521002,SP,prefeito,PSC
2020,3522406,SP,prefeito,DEM
2020,3524501,SP,prefeito,REPUBLICANOS
2020,3524907,SP,prefeito,SOLIDARIEDADE
2020,3525003,SP,prefeito,PSDB
2020,3528403,SP,prefeito,PSD
2020,3529658,SP,prefeito,PP
2020,3530300,SP,prefeito,PSDB
2020,3531308,SP,prefeito,PTB
2020,3535408,SP,prefeito,PSDB
2020,3535606,SP,prefeito,PSDB
2020,3536208,SP,prefeito,PL
2020,3540408,SP,prefeito,CIDADANIA
2020,3541406,SP,prefeito,PSB
2020,3543907,SP,prefeito,PSD
2020,3545209,SP,prefeito,PL
2020,3546256,SP,prefeito,PODE
2020,3554409,SP,prefeito,PTB
2020,3552205,SP,prefeito,REPUBLICANOS
2008,3503406,SP,prefeito,PSDB
2008,3504206,SP,prefeito,PSDB
2008,3506805,SP,prefeito,PV
2008,3508306,SP,prefeito,PSB
2008,3509908,SP,prefeito,PSDB
2008,3511607,SP,prefeito,PSDB
2008,3512100,SP,prefeito,PP
2008,3513108,SP,prefeito,PSDB
2008,3518008,SP,prefeito,PMDB
2008,3519501,SP,prefeito,PR
2008,3520103,SP,prefeito,PSDB
2008,3522653,SP,prefeito,PT
2008,3522703,SP,prefeito,PRP
2008,3525409,SP,prefeito,DEM
2008,3526902,SP,prefeito,PDT
2008,3527900,SP,prefeito,DEM
2008,3528007,SP,prefeito,PMDB
2008,3528205,SP,prefeito,PTB
2008,3530409,SP,prefeito,PSDB
2008,3531803,SP,prefeito,PSDB
2008,3536570,SP,prefeito,PSDB
2008,3537602,SP,prefeito,PSB
2008,3540705,SP,prefeito,PT
2008,3541307,SP,prefeito,PR
2008,3548708,SP,prefeito,PT
2008,3549102,SP,prefeito,PMDB
2008,3549250,SP,prefeito,PMDB
2008,3551306,SP,prefeito,DEM
2008,3551702,SP,prefeito,PPS
2008,3553005,SP,prefeito,PTB
2008,3554656,SP,prefeito,PR
2008,3554755,SP,prefeito,PMDB
2008,3556602,SP,prefeito,PSDB
2012,3503950,SP,prefeito,DEM
2012,3506409,SP,prefeito,PTB
2012,3519253,SP,prefeito,PP
2012,3520301,SP,prefeito,PMDB
2012,3520400,SP,prefeito,PPS
2012,3521150,SP,prefeito,PDT
2012,3521606,SP,prefeito,PSD
2012,3523305,SP,prefeito,PP
2012,3536703,SP,prefeito,PSB
2012,3536901,SP,prefeito,PSD
2012,3543907,SP,prefeito,PMDB
2012,3545100,SP,prefeito,PSDB
2012,3546603,SP,prefeito,PSDB
2012,3552809,SP,prefeito,PSDB
2012,3553005,SP,prefeito,PT
2012,3553302,SP,prefeito,PSD
2012,3555307,SP,prefeito,PTB
2012,3555505,SP,prefeito,PP
2012,3556503,SP,prefeito,PV
2012,3557006,SP,prefeito,PSDB
2012,3552205,SP,prefeito,PSDB
2016,3502903,SP,prefeito,PV
2016,3509007,SP,prefeito,PSD
2016,3509809,SP,prefeito,PSDB
2016,3511508,SP,prefeito,PSDB
2016,3512803,SP,prefeito,PT
2016,3513603,SP,prefeito,PSB
2016,3519709,SP,prefeito,PSD
2016,3520509,SP,prefeito,MDB
2016,3522208,SP,prefeito,PTB
2016,3523404,SP,prefeito,CIDADANIA
2016,3524808,SP,prefeito,DEM
2016,3525300,SP,prefeito,PSB
2016,3528502,SP,prefeito,PSDB
2016,3528809,SP,prefeito,PSD
2016,3529609,SP,prefeito,PTB
2016,3530201,SP,prefeito,PRP
2016,3531209,SP,prefeito,DEM
2016,3531506,SP,prefeito,PHS
2016,3531704,SP,prefeito,PSB
2016,3539905,SP,prefeito,CIDADANIA
2016,3541307,SP,prefeito,REPUBLICANOS
2016,3541802,SP,prefeito,PV
2016,3543105,SP,prefeito,PSDB
2016,3544707,SP,prefeito,PSDB
2016,3546504,SP,prefeito,CIDADANIA
2016,3547601,SP,prefeito,DEM
2016,3548203,SP,prefeito,PSD
2016,3549409,SP,prefeito,CIDADANIA
2016,3550209,SP,prefeito,PP
2016,3552403,SP,prefeito,CIDADANIA
2016,3553500,SP,prefeito,PSDB
2016,3553906,SP,prefeito,PSD
2016,3554706,SP,prefeito,PV
2016,3556305,SP,prefeito,PV
2016,3556404,SP,prefeito,PSDB
2016,3546306,SP,prefeito,PATRIOTA
2016,3525904,SP,prefeito,PSDB
2016,3548708,SP,prefeito,PSDB
2020,3502606,SP,prefeito,DEM
2020,3504909,SP,prefeito,REPUBLICANOS
2020,3506508,SP,prefeito,PSL
2020,3507209,SP,prefeito,PTB
2020,3510708,SP,prefeito,PSD
2020,3513702,SP,prefeito,PL
2020,3521507,SP,prefeito,DEM
2020,3521804,SP,prefeito,PSDB
2020,3523107,SP,prefeito,PP
2020,3523701,SP,prefeito,PSDB
2020,3527603,SP,prefeito,PSD
2020,3529005,SP,prefeito,PSDB
2020,3532058,SP,prefeito,PTB
2020,3532405,SP,prefeito,PSDB
2020,3534401,SP,prefeito,PODE
2020,3540606,SP,prefeito,PTB
2020,3547601,SP,prefeito,PSB
2020,3549706,SP,prefeito,PTB
2020,3551306,SP,prefeito,PSDB
2020,3552304,SP,prefeito,REPUBLICANOS
2020,3554003,SP,prefeito,PSDB
2020,3554102,SP,prefeito,MDB
2008,3500105,SP,prefeito,DEM
2008,3500402,SP,prefeito,PSC
2008,3501301,SP,prefeito,DEM
2008,3502804,SP,prefeito,PT
2008,3510401,SP,prefeito,PMDB
2008,3511102,SP,prefeito,PSDB
2008,3512704,SP,prefeito,PSDB
2008,3514924,SP,prefeito,PSDB
2008,3518503,SP,prefeito,PMDB
2008,3522802,SP,prefeito,PR
2008,3527603,SP,prefeito,PTB
2008,3528304,SP,prefeito,PTB
2008,3529401,SP,prefeito,PT
2008,3529708,SP,prefeito,PP
2008,3532009,SP,prefeito,PV
2008,3532058,SP,prefeito,PT
2008,3542107,SP,prefeito,PPS
2008,3543709,SP,prefeito,PSDB
2008,3545506,SP,prefeito,PSDB
2008,3546108,SP,prefeito,PR
2008,3546801,SP,prefeito,PSDB
2008,3547304,SP,prefeito,DEM
2008,3549409,SP,prefeito,PT
2008,3550506,SP,prefeito,PT
2008,3550704,SP,prefeito,PSC
2008,3551900,SP,prefeito,PMDB
2008,3553609,SP,prefeito,PSDB
2008,3555802,SP,prefeito,PP
2012,3504107,SP,prefeito,PSD
2012,3505005,SP,prefeito,PR
2012,3507407,SP,prefeito,PSDB
2012,3510302,SP,prefeito,PV
2012,3510500,SP,prefeito,PSDB
2012,3513009,SP,prefeito,PSDB
2012,3517307,SP,prefeito,PTB
2012,3517604,SP,prefeito,PT
2012,3519204,SP,prefeito,PV
2012,3520004,SP,prefeito,PMDB
2012,3523503,SP,prefeito,PV
2012,3524600,SP,prefeito,PSDB
2012,3524907,SP,prefeito,DEM
2012,3528304,SP,prefeito,PTB
2012,3528403,SP,prefeito,PMDB
2012,3532702,SP,prefeito,PP
2012,3533254,SP,prefeito,PSDB
2012,3538600,SP,prefeito,PSDB
2012,3541505,SP,prefeito,PDT
2012,3545159,SP,prefeito,PDT
2012,3545308,SP,prefeito,PMDB
2012,3545407,SP,prefeito,PTB
2012,3547908,SP,prefeito,PV
2012,3555208,SP,prefeito,PSDB
2012,3556800,SP,prefeito,PSD
2012,3556958,SP,prefeito,PSDB
2016,3500550,SP,prefeito,REPUBLICANOS
2016,3503802,SP,prefeito,PSDB
2016,3507902,SP,prefeito,PTB
2016,3508306,SP,prefeito,PTB
2016,3513504,SP,prefeito,PSDB
2016,3514908,SP,prefeito,MDB
2016,3514924,SP,prefeito,PTB
2016,3518404,SP,prefeito,PSB
2016,3519105,SP,prefeito,PSB
2016,3522703,SP,prefeito,PTC
2016,3523800,SP,prefeito,PSDB
2016,3524600,SP,prefeito,PTB
2016,3524709,SP,prefeito,MDB
2016,3526902,SP,prefeito,PSD
2016,3528403,SP,prefeito,MDB
2016,3528700,SP,prefeito,PDT
2016,3528908,SP,prefeito,DEM
2016,3529203,SP,prefeito,PV
2016,3532603,SP,prefeito,SOLIDARIEDADE
2016,3535903,SP,prefeito,PSD
2016,3536257,SP,prefeito,PSD
2016,3540200,SP,prefeito,PSB
2016,3540259,SP,prefeito,PTB
2016,3540507,SP,prefeito,PTB
2016,3541109,SP,prefeito,PRP
2016,3546900,SP,prefeito,PL
2016,3547650,SP,prefeito,PSD
2016,3550407,SP,prefeito,PSD
2016,3551801,SP,prefeito,MDB
2016,3556909,SP,prefeito,PP
2016,3557204,SP,prefeito,MDB
2016,3516200,SP,prefeito,DEM
2020,3506201,SP,prefeito,MDB
2020,3509254,SP,prefeito,PSDB
2020,3509452,SP,prefeito,PP
2020,3514502,SP,prefeito,PP
2020,3515186,SP,prefeito,PODE
2020,3515608,SP,prefeito,PTB
2020,3518503,SP,prefeito,MDB
2020,3519055,SP,prefeito,PSD
2020,3521705,SP,prefeito,PSDB
2020,3523404,SP,prefeito,PSDB
2020,3526407,SP,prefeito,PSD
2020,3527009,SP,prefeito,PSDB
2020,3527108,SP,prefeito,PP
2020,3528304,SP,prefeito,PSDB
2020,3528858,SP,prefeito,PSDB
2020,3534104,SP,prefeito,PDT
2020,3537305,SP,prefeito,PSD
2020,3537602,SP,prefeito,PSDB
2020,3538808,SP,prefeito,DEM
2020,3539103,SP,prefeito,PSD
2020,3540259,SP,prefeito,PP
2020,3541307,SP,prefeito,PSDB
2020,3544103,SP,prefeito,PODE
2020,3545308,SP,prefeito,PSDB
2020,3548302,SP,prefeito,PSDB
2020,3549003,SP,prefeito,PTB
2020,3549409,SP,prefeito,MDB
2020,3556503,SP,prefeito,PSDB
2008,3507605,SP,prefeito,DEM
2008,3508009,SP,prefeito,PDT
2008,3513801,SP,prefeito,PT
2008,3514601,SP,prefeito,PP
2008,3515194,SP,prefeito,PSDB
2008,3515905,SP,prefeito,DEM
2008,3520608,SP,prefeito,DEM
2008,3520707,SP,prefeito,PSB
2008,3521002,SP,prefeito,PSDB
2008,3522158,SP,prefeito,DEM
2008,3524303,SP,prefeito,PPS
2008,3524808,SP,prefeito,PT
2008,3527405,SP,prefeito,PT
2008,3528908,SP,prefeito,PMDB
2008,3532405,SP,prefeito,PSDB
2008,3532843,SP,prefeito,DEM
2008,3533809,SP,prefeito,PSB
2008,3535309,SP,prefeito,PR
2008,3536406,SP,prefeito,PSDB
2008,3536604,SP,prefeito,PDT
2008,3536802,SP,prefeito,PSDB
2008,3541000,SP,prefeito,PSDB
2008,3543303,SP,prefeito,PV
2008,3546900,SP,prefeito,PSDB
2008,3553658,SP,prefeito,PMDB
2008,3554904,SP,prefeito,PDT
2012,3501301,SP,prefeito,PV
2012,3501806,SP,prefeito,PP
2012,3502606,SP,prefeito,DEM
2012,3505906,SP,prefeito,PTB
2012,3507100,SP,prefeito,PV
2012,3510807,SP,prefeito,PSDB
2012,3513405,SP,prefeito,PR
2012,3514700,SP,prefeito,PDT
2012,3514924,SP,prefeito,PSDB
2012,3515004,SP,prefeito,PT
2012,3516804,SP,prefeito,PSB
2012,3520707,SP,prefeito,PSD
2012,3522703,SP,prefeito,PMDB
2012,3526407,SP,prefeito,PT
2012,3526506,SP,prefeito,PSDB
2012,3529658,SP,prefeito,PSDB
2012,3530300,SP,prefeito,PDT
2012,3536570,SP,prefeito,PR
2012,3539301,SP,prefeito,PDT
2012,3542909,SP,prefeito,PMDB
2012,3544103,SP,prefeito,PSDB
2012,3544707,SP,prefeito,DEM
2012,3544905,SP,prefeito,PT
2012,3551207,SP,prefeito,PDT
2012,3551603,SP,prefeito,DEM
2012,3553807,SP,prefeito,PSDB
2012,3554904,SP,prefeito,PDT
2016,3501004,SP,prefeito,PSD
2016,3502705,SP,prefeito,MDB
2016,3507100,SP,prefeito,PSDB
2016,3509205,SP,prefeito,PSD
2016,3511003,SP,prefeito,DEM
2016,3514502,SP,prefeito,CIDADANIA
2016,3515129,SP,prefeito,PTB
2016,3520426,SP,prefeito,PSDB
2016,3523701,SP,prefeito,PP
2016,3524204,SP,prefeito,PSD
2016,3524303,SP,prefeito,CIDADANIA
2016,3525201,SP,prefeito,DEM
2016,3526001,SP,prefeito,PSDB
2016,3526803,SP,prefeito,REDE
2016,3529708,SP,prefeito,PSDB
2016,3531001,SP,prefeito,MDB
2016,3534807,SP,prefeito,PV
2016,3534906,SP,prefeito,PSDB
2016,3536505,SP,prefeito,PSDB
2016,3537107,SP,prefeito,PSB
2016,3539202,SP,prefeito,DEM
2016,3540853,SP,prefeito,PV
2016,3542909,SP,prefeito,PSDB
2016,3545209,SP,prefeito,PP
2016,3551306,SP,prefeito,PSB
2016,3556503,SP,prefeito,PV
2016,3530102,SP,prefeito,PSL
2020,3501608,SP,prefeito,PV
2020,3502507,SP,prefeito,PODE
2020,3505203,SP,prefeito,MDB
2020,3512704,SP,prefeito,DEM
2020,3512803,SP,prefeito,PP
2020,3512902,SP,prefeito,PP
2020,3515509,SP,prefeito,DEM
2020,3519105,SP,prefeito,DEM
2020,3526308,SP,prefeito,PL
2020,3530409,SP,prefeito,PSDB
2020,3532108,SP,prefeito,PODE
2020,3532827,SP,prefeito,PTB
2020,3533908,SP,prefeito,PSD
2020,3543808,SP,prefeito,PSDB
2020,3545605,SP,prefeito,DEM
2020,3546702,SP,prefeito,PL
2020,3553104,SP,prefeito,DEM
2008,3505609,SP,prefeito,PTB
2008,3505807,SP,prefeito,PSDB
2008,3506409,SP,prefeito,PSDB
2008,3507902,SP,prefeito,PDT
2008,3509205,SP,prefeito,PSDB
2008,3509403,SP,prefeito,PP
2008,3513207,SP,prefeito,PMDB
2008,3516309,SP,prefeito,PT
2008,3518909,SP,prefeito,PT
2008,3519105,SP,prefeito,PSDB
2008,3519600,SP,prefeito,PTB
2008,3520442,SP,prefeito,PP
2008,3521606,SP,prefeito,PSDB
2008,3523008,SP,prefeito,DEM
2008,3525706,SP,prefeito,DEM
2008,3527504,SP,prefeito,PT
2008,3528403,SP,prefeito,PTB
2008,3531100,SP,prefeito,DEM
2008,3535705,SP,prefeito,PP
2008,3535903,SP,prefeito,PSB
2008,3542701,SP,prefeito,PSC
2008,3544004,SP,prefeito,PSB
2008,3544707,SP,prefeito,PSDB
2008,3551108,SP,prefeito,PSDB
2008,3555109,SP,prefeito,PSDB
2008,3555307,SP,prefeito,PMDB
2008,3556909,SP,prefeito,PP
2008,3557105,SP,prefeito,PSDB
2008,3557204,SP,prefeito,PP
2012,3501004,SP,prefeito,PMDB
2012,3501707,SP,prefeito,PTB
2012,3502101,SP,prefeito,PT
2012,3502408,SP,prefeito,PTB
2012,3505351,SP,prefeito,PMDB
2012,3506359,SP,prefeito,DEM
2012,3508405,SP,prefeito,PDT
2012,3509700,SP,prefeito,PSDB
2012,3512100,SP,prefeito,PTB
2012,3512407,SP,prefeito,PV
2012,3516101,SP,prefeito,PSDB
2012,3521507,SP,prefeito,PMDB
2012,3522000,SP,prefeito,PR
2012,3522208,SP,prefeito,PDT
2012,3530003,SP,prefeito,PR
2012,3530508,SP,prefeito,PSD
2012,3531506,SP,prefeito,PSDB
2012,3532157,SP,prefeito,PT
2012,3539400,SP,prefeito,PSDB
2012,3540754,SP,prefeito,PMN
2012,3540853,SP,prefeito,PDT
2012,3541604,SP,prefeito,PT
2012,3546207,SP,prefeito,PSDB
2012,3549102,SP,prefeito,PMDB
2012,3549409,SP,prefeito,PT
2012,3550506,SP,prefeito,PP
2012,3552700,SP,prefeito,PTB
2012,3555406,SP,prefeito,PT
2012,3556107,SP,prefeito,PP
2012,3547809,SP,prefeito,PT
2012,3554102,SP,prefeito,PSDB
2016,3500907,SP,prefeito,PL
2016,3503307,SP,prefeito,PTB
2016,3505351,SP,prefeito,PT
2016,3506706,SP,prefeito,MDB
2016,3510302,SP,prefeito,CIDADANIA
2016,3513108,SP,prefeito,PSDB
2016,3515004,SP,prefeito,REPUBLICANOS
2016,3517307,SP,prefeito,MDB
2016,3520301,SP,prefeito,PSDB
2016,3528601,SP,prefeito,MDB
2016,3534609,SP,prefeito,PSDB
2016,3535507,SP,prefeito,PSDB
2016,3537404,SP,prefeito,PL
2016,3540101,SP,prefeito,CIDADANIA
2016,3543006,SP,prefeito,PTB
2016,3543303,SP,prefeito,PSB
2016,3543501,SP,prefeito,PDT
2016,3546603,SP,prefeito,DEM
2016,3548500,SP,prefeito,PSDB
2016,3550902,SP,prefeito,DEM
2016,3551207,SP,prefeito,PTB
2016,3553005,SP,prefeito,PTB
2016,3555000,SP,prefeito,PV
2016,3518800,SP,prefeito,PSB